date,channel,placement,impressions,clicks,ctr,cpc,amount_spent,purchases,purchase_value,roas,cpa,search_type
01/01/2025,Google Search,Search Top,1537,103,6.74,2.15,221.54,2,242.08,1.09,110.77,Non-Branded
01/01/2025,Google Search,Search Other,848,60,7.15,2,120.02,3,365.25,3.04,40.01,Branded
01/01/2025,Google Search,Shopping,708,50,7.09,2,99.83,2,243.22,2.44,49.91,Branded
01/01/2025,Google Search,Display Network,346,17,5,2.88,48.99,0,0,0,0,Branded
01/01/2025,Meta Ads,Facebook Feed,4077,88,2.18,1.9,167.4,2,203.3,1.21,83.7,N/A
01/01/2025,Meta Ads,Instagram Feed,3894,74,1.91,2.14,158.26,2,196.44,1.24,79.13,N/A
01/01/2025,Meta Ads,Instagram Stories,3576,85,2.38,1.67,142.29,3,301.89,2.12,47.43,N/A
01/01/2025,Meta Ads,Reels,2081,39,1.89,2.19,85.22,1,97.96,1.15,85.22,N/A
01/01/2025,TikTok Ads,In-Feed,12893,141,1.1,0.9,127,1,70.96,0.56,127,N/A
01/01/2025,TikTok Ads,TopView,5028,60,1.19,0.91,54.44,0,0,0,0,N/A
01/01/2025,TikTok Ads,Spark Ads,8278,79,0.96,1.12,88.66,0,0,0,0,N/A
01/01/2025,TikTok Ads,Brand Takeover,2869,21,0.74,1.44,30.14,0,0,0,0,N/A
02/01/2025,Google Search,Search Top,1531,110,7.21,1.97,216.27,2,241.56,1.12,108.14,Non-Branded
02/01/2025,Google Search,Search Other,919,67,7.29,1.99,133.44,1,120.99,0.91,133.44,Non-Branded
02/01/2025,Google Search,Shopping,720,48,6.68,2.12,101.73,1,118.7,1.17,101.73,Non-Branded
02/01/2025,Google Search,Display Network,327,15,4.74,3.16,47.42,0,0,0,0,Branded
02/01/2025,Meta Ads,Facebook Feed,4383,80,1.85,2.08,166.15,2,196.24,1.18,83.08,N/A
02/01/2025,Meta Ads,Instagram Feed,3592,73,2.03,2.04,148.74,2,196.6,1.32,74.37,N/A
02/01/2025,Meta Ads,Instagram Stories,3430,80,2.35,1.63,130.48,2,198.46,1.52,65.24,N/A
02/01/2025,Meta Ads,Reels,1978,42,2.17,1.78,74.61,1,99.39,1.33,74.61,N/A
02/01/2025,TikTok Ads,In-Feed,11507,118,1.03,1.01,118.66,1,68.86,0.58,118.66,N/A
02/01/2025,TikTok Ads,TopView,6676,75,1.13,0.86,64.49,0,0,0,0,N/A
02/01/2025,TikTok Ads,Spark Ads,8270,86,1.05,0.99,85.49,0,0,0,0,N/A
02/01/2025,TikTok Ads,Brand Takeover,3150,22,0.7,1.49,32.78,0,0,0,0,N/A
03/01/2025,Google Search,Search Top,1688,123,7.34,1.91,235.38,5,607.65,2.58,47.08,Branded
03/01/2025,Google Search,Search Other,894,63,7.09,1.96,123.19,3,362.13,2.94,41.06,Branded
03/01/2025,Google Search,Shopping,761,54,7.13,1.88,101.67,2,239.04,2.35,50.84,Branded
03/01/2025,Google Search,Display Network,373,18,4.99,2.95,53.1,0,0,0,0,Branded
03/01/2025,Meta Ads,Facebook Feed,3891,72,1.87,2.11,151.64,2,201.88,1.33,75.82,N/A
03/01/2025,Meta Ads,Instagram Feed,4362,82,1.89,2.01,164.83,2,198.14,1.2,82.42,N/A
03/01/2025,Meta Ads,Instagram Stories,3060,73,2.42,1.79,130.5,2,197.72,1.52,65.25,N/A
03/01/2025,Meta Ads,Reels,2120,39,1.87,2.09,81.57,1,99.66,1.22,81.57,N/A
03/01/2025,TikTok Ads,In-Feed,11742,123,1.05,0.92,112.93,1,70.19,0.62,112.93,N/A
03/01/2025,TikTok Ads,TopView,6273,79,1.26,0.78,61.44,0,0,0,0,N/A
03/01/2025,TikTok Ads,Spark Ads,7622,73,0.96,1.11,81.37,0,0,0,0,N/A
03/01/2025,TikTok Ads,Brand Takeover,2888,20,0.71,1.48,29.5,0,0,0,0,N/A
04/01/2025,Google Search,Search Top,1595,117,7.39,1.86,217.63,7,837.13,3.85,31.09,Branded
04/01/2025,Google Search,Search Other,843,56,6.7,2.12,118.45,2,239.58,2.02,59.23,Branded
04/01/2025,Google Search,Shopping,769,53,6.93,1.99,105.6,1,118.72,1.12,105.6,Non-Branded
04/01/2025,Google Search,Display Network,335,16,4.94,3,48,0,0,0,0,Branded
04/01/2025,Meta Ads,Facebook Feed,4462,88,1.99,1.9,166.84,3,307.02,1.84,55.61,N/A
04/01/2025,Meta Ads,Instagram Feed,3751,68,1.83,2.33,158.43,2,199.52,1.26,79.22,N/A
04/01/2025,Meta Ads,Instagram Stories,2986,71,2.4,1.73,122.81,2,202.8,1.65,61.41,N/A
04/01/2025,Meta Ads,Reels,2019,41,2.05,1.96,80.34,1,99.48,1.24,80.34,N/A
04/01/2025,TikTok Ads,In-Feed,11355,103,0.91,1.09,111.98,1,69.05,0.62,111.98,N/A
04/01/2025,TikTok Ads,TopView,5908,66,1.12,0.86,56.76,0,0,0,0,N/A
04/01/2025,TikTok Ads,Spark Ads,9284,85,0.92,1.04,88.52,0,0,0,0,N/A
04/01/2025,TikTok Ads,Brand Takeover,2946,19,0.66,1.54,29.19,0,0,0,0,N/A
05/01/2025,Google Search,Search Top,1698,113,6.67,2.04,230.49,7,846.3,3.67,32.93,Branded
05/01/2025,Google Search,Search Other,908,60,6.67,2.19,131.5,3,361.77,2.75,43.83,Branded
05/01/2025,Google Search,Shopping,701,50,7.17,1.89,94.67,1,121.04,1.28,94.67,Non-Branded
05/01/2025,Google Search,Display Network,358,16,4.65,3.18,50.89,0,0,0,0,Branded
05/01/2025,Meta Ads,Facebook Feed,3593,66,1.84,2.3,151.51,2,205.6,1.36,75.75,N/A
05/01/2025,Meta Ads,Instagram Feed,3792,73,1.95,2.25,164.54,2,195.16,1.19,82.27,N/A
05/01/2025,Meta Ads,Instagram Stories,3313,78,2.37,1.77,138.4,3,306.75,2.22,46.13,N/A
05/01/2025,Meta Ads,Reels,1955,42,2.15,1.77,74.46,1,101.64,1.37,74.46,N/A
05/01/2025,TikTok Ads,In-Feed,11345,103,0.91,1.14,116.95,1,68.8,0.59,116.95,N/A
05/01/2025,TikTok Ads,TopView,5987,77,1.29,0.73,55.91,0,0,0,0,N/A
05/01/2025,TikTok Ads,Spark Ads,8225,75,0.91,1.11,83.22,0,0,0,0,N/A
05/01/2025,TikTok Ads,Brand Takeover,2813,19,0.68,1.52,28.9,0,0,0,0,N/A
06/01/2025,Google Search,Search Top,1707,120,7.04,1.97,236.3,3,354.21,1.5,78.77,Non-Branded
06/01/2025,Google Search,Search Other,926,64,6.92,2.07,132.26,1,121.6,0.92,132.26,Non-Branded
06/01/2025,Google Search,Shopping,685,50,7.39,1.91,95.65,2,241.18,2.52,47.83,Branded
06/01/2025,Google Search,Display Network,340,16,4.86,2.96,47.31,0,0,0,0,Branded
06/01/2025,Meta Ads,Facebook Feed,4039,75,1.87,2.02,151.85,2,205.88,1.36,75.92,N/A
06/01/2025,Meta Ads,Instagram Feed,3876,76,1.97,2.01,153.11,2,201.72,1.32,76.56,N/A
06/01/2025,Meta Ads,Instagram Stories,3545,93,2.63,1.43,132.56,3,301.59,2.28,44.19,N/A
06/01/2025,Meta Ads,Reels,1825,39,2.17,1.99,77.6,1,100.01,1.29,77.6,N/A
06/01/2025,TikTok Ads,In-Feed,11490,108,0.94,1.05,113.58,1,69.62,0.61,113.58,N/A
06/01/2025,TikTok Ads,TopView,5913,65,1.11,0.87,56.42,0,0,0,0,N/A
06/01/2025,TikTok Ads,Spark Ads,9239,95,1.03,1.01,96.14,1,70.03,0.73,96.14,N/A
06/01/2025,TikTok Ads,Brand Takeover,3244,21,0.66,1.53,32.22,0,0,0,0,N/A
07/01/2025,Google Search,Search Top,1592,105,6.66,2.12,222.16,2,242.14,1.09,111.08,Non-Branded
07/01/2025,Google Search,Search Other,843,60,7.23,2.03,121.68,2,236.3,1.94,60.84,Branded
07/01/2025,Google Search,Shopping,644,42,6.64,2.21,92.99,2,238.14,2.56,46.49,Branded
07/01/2025,Google Search,Display Network,372,18,4.94,2.97,53.39,0,0,0,0,Branded
07/01/2025,Meta Ads,Facebook Feed,3650,67,1.86,2.23,149.74,1,98.56,0.66,149.74,N/A
07/01/2025,Meta Ads,Instagram Feed,4226,76,1.81,2.08,157.86,2,201.3,1.28,78.93,N/A
07/01/2025,Meta Ads,Instagram Stories,3412,79,2.33,1.76,139.2,2,198.5,1.43,69.6,N/A
07/01/2025,Meta Ads,Reels,2088,37,1.81,2.16,79.96,1,98.33,1.23,79.96,N/A
07/01/2025,TikTok Ads,In-Feed,12802,117,0.91,1.05,122.9,1,67.68,0.55,122.9,N/A
07/01/2025,TikTok Ads,TopView,6104,80,1.31,0.74,59.23,0,0,0,0,N/A
07/01/2025,TikTok Ads,Spark Ads,10091,109,1.08,0.89,96.77,1,71.27,0.74,96.77,N/A
07/01/2025,TikTok Ads,Brand Takeover,3069,20,0.66,1.59,31.85,0,0,0,0,N/A
08/01/2025,Google Search,Search Top,1503,109,7.3,2.01,218.74,3,356.91,1.63,72.91,Non-Branded
08/01/2025,Google Search,Search Other,880,58,6.61,2.14,123.85,1,118.31,0.96,123.85,Non-Branded
08/01/2025,Google Search,Shopping,717,48,6.83,2.04,98.13,1,121.61,1.24,98.13,Non-Branded
08/01/2025,Google Search,Display Network,366,18,5.14,2.87,51.63,0,0,0,0,Non-Branded
08/01/2025,Meta Ads,Facebook Feed,4060,87,2.15,1.86,161.52,2,197.44,1.22,80.76,N/A
08/01/2025,Meta Ads,Instagram Feed,3853,83,2.17,2,165.6,2,199.88,1.21,82.8,N/A
08/01/2025,Meta Ads,Instagram Stories,3324,72,2.17,1.98,142.42,2,201.62,1.42,71.21,N/A
08/01/2025,Meta Ads,Reels,1993,42,2.15,2,83.85,1,100.47,1.2,83.85,N/A
08/01/2025,TikTok Ads,In-Feed,11366,107,0.94,1.01,108.47,1,72.96,0.67,108.47,N/A
08/01/2025,TikTok Ads,TopView,5354,69,1.31,0.78,54.15,0,0,0,0,N/A
08/01/2025,TikTok Ads,Spark Ads,9866,108,1.1,0.89,95.74,1,67.63,0.71,95.74,N/A
08/01/2025,TikTok Ads,Brand Takeover,3334,22,0.68,1.46,32.05,0,0,0,0,N/A
09/01/2025,Google Search,Search Top,1576,116,7.39,1.95,225.95,5,595.5,2.64,45.19,Branded
09/01/2025,Google Search,Search Other,860,62,7.26,1.89,117.47,1,119.56,1.02,117.47,Non-Branded
09/01/2025,Google Search,Shopping,766,51,6.77,2.08,106.21,2,242.16,2.28,53.1,Branded
09/01/2025,Google Search,Display Network,344,16,4.9,3.03,48.45,0,0,0,0,Branded
09/01/2025,Meta Ads,Facebook Feed,3661,67,1.85,2.25,150.58,2,201.36,1.34,75.29,N/A
09/01/2025,Meta Ads,Instagram Feed,3758,75,2.02,2.15,161.44,2,200.88,1.24,80.72,N/A
09/01/2025,Meta Ads,Instagram Stories,3379,79,2.35,1.64,129.26,2,194.12,1.5,64.63,N/A
09/01/2025,Meta Ads,Reels,1851,33,1.83,2.26,74.56,0,0,0,0,N/A
09/01/2025,TikTok Ads,In-Feed,12256,113,0.92,1.12,126.64,1,71.25,0.56,126.64,N/A
09/01/2025,TikTok Ads,TopView,5657,69,1.23,0.81,56.08,0,0,0,0,N/A
09/01/2025,TikTok Ads,Spark Ads,8584,82,0.96,0.99,81.45,0,0,0,0,N/A
09/01/2025,TikTok Ads,Brand Takeover,2965,20,0.71,1.54,30.89,0,0,0,0,N/A
10/01/2025,Google Search,Search Top,1465,107,7.33,1.95,208.55,2,243.32,1.17,104.28,Non-Branded
10/01/2025,Google Search,Search Other,972,69,7.1,1.91,132.02,1,120.87,0.92,132.02,Non-Branded
10/01/2025,Google Search,Shopping,775,54,7.05,1.99,107.37,1,121.38,1.13,107.37,Non-Branded
10/01/2025,Google Search,Display Network,342,16,4.96,3.14,50.27,0,0,0,0,Branded
10/01/2025,Meta Ads,Facebook Feed,3722,81,2.18,1.83,148.1,2,204,1.38,74.05,N/A
10/01/2025,Meta Ads,Instagram Feed,3675,80,2.18,1.89,151.15,2,202.72,1.34,75.58,N/A
10/01/2025,Meta Ads,Instagram Stories,3296,76,2.32,1.69,128.41,2,195.9,1.53,64.2,N/A
10/01/2025,Meta Ads,Reels,1766,34,1.96,2.22,75.61,1,100.27,1.33,75.61,N/A
10/01/2025,TikTok Ads,In-Feed,11958,129,1.08,0.91,116.94,1,72.51,0.62,116.94,N/A
10/01/2025,TikTok Ads,TopView,6421,70,1.1,0.94,65.78,0,0,0,0,N/A
10/01/2025,TikTok Ads,Spark Ads,8500,80,0.95,1.1,87.62,0,0,0,0,N/A
10/01/2025,TikTok Ads,Brand Takeover,3073,21,0.69,1.37,28.74,0,0,0,0,N/A
11/01/2025,Google Search,Search Top,1669,123,7.38,1.97,242.34,4,484.28,2,60.59,Non-Branded
11/01/2025,Google Search,Search Other,961,67,7.03,2,133.91,3,358.95,2.68,44.64,Branded
11/01/2025,Google Search,Shopping,704,48,6.95,2.1,100.84,2,242.7,2.41,50.42,Branded
11/01/2025,Google Search,Display Network,362,17,4.75,2.87,48.76,0,0,0,0,Branded
11/01/2025,Meta Ads,Facebook Feed,4028,88,2.2,1.75,154.24,2,203.74,1.32,77.12,N/A
11/01/2025,Meta Ads,Instagram Feed,3630,79,2.18,1.88,148.68,2,205.12,1.38,74.34,N/A
11/01/2025,Meta Ads,Instagram Stories,3364,88,2.63,1.47,129.61,3,305.91,2.36,43.2,N/A
11/01/2025,Meta Ads,Reels,2196,43,1.98,1.91,82.19,1,101.57,1.24,82.19,N/A
11/01/2025,TikTok Ads,In-Feed,12410,117,0.94,1.02,119.92,1,68.32,0.57,119.92,N/A
11/01/2025,TikTok Ads,TopView,6509,84,1.29,0.78,65.82,1,72.5,1.1,65.82,N/A
11/01/2025,TikTok Ads,Spark Ads,8781,89,1.02,1.02,90.89,1,71.33,0.78,90.89,N/A
11/01/2025,TikTok Ads,Brand Takeover,2527,16,0.63,1.7,27.2,0,0,0,0,N/A
12/01/2025,Google Search,Search Top,1615,116,7.21,1.9,220.37,7,835.73,3.79,31.48,Branded
12/01/2025,Google Search,Search Other,967,64,6.63,2.08,132.82,3,363.87,2.74,44.27,Branded
12/01/2025,Google Search,Shopping,698,48,6.93,2.1,100.58,2,237.42,2.36,50.29,Branded
12/01/2025,Google Search,Display Network,354,17,4.84,2.83,48.03,0,0,0,0,Branded
12/01/2025,Meta Ads,Facebook Feed,4116,74,1.8,2.3,169.99,2,205.7,1.21,85,N/A
12/01/2025,Meta Ads,Instagram Feed,3920,84,2.16,1.95,163.86,2,202.54,1.24,81.93,N/A
12/01/2025,Meta Ads,Instagram Stories,3085,69,2.27,1.78,122.86,2,198.72,1.62,61.43,N/A
12/01/2025,Meta Ads,Reels,2078,40,1.95,1.96,78.31,1,97.93,1.25,78.31,N/A
12/01/2025,TikTok Ads,In-Feed,11489,122,1.07,0.98,119.13,1,71.39,0.6,119.13,N/A
12/01/2025,TikTok Ads,TopView,5672,70,1.25,0.8,56.13,0,0,0,0,N/A
12/01/2025,TikTok Ads,Spark Ads,8787,95,1.09,0.98,93.03,1,67.71,0.73,93.03,N/A
12/01/2025,TikTok Ads,Brand Takeover,3354,24,0.74,1.3,31.13,0,0,0,0,N/A
13/01/2025,Google Search,Search Other,931,63,6.8,2.14,134.77,3,365.46,2.71,44.92,Branded
13/01/2025,Google Search,Shopping,675,48,7.18,2.03,97.46,2,239.76,2.46,48.73,Branded
13/01/2025,Google Search,Display Network,357,17,4.87,2.81,47.72,0,0,0,0,Branded
13/01/2025,Meta Ads,Facebook Feed,4386,86,1.97,1.89,162.66,2,199.22,1.22,81.33,N/A
13/01/2025,Meta Ads,Instagram Feed,4124,84,2.05,1.83,153.65,2,200.82,1.31,76.83,N/A
13/01/2025,Meta Ads,Instagram Stories,3209,76,2.39,1.79,136.32,2,196.2,1.44,68.16,N/A
13/01/2025,Meta Ads,Reels,2039,41,2.04,1.99,81.74,1,100.69,1.23,81.74,N/A
13/01/2025,TikTok Ads,In-Feed,12637,138,1.09,0.92,126.7,1,69.73,0.55,126.7,N/A
13/01/2025,TikTok Ads,TopView,5536,64,1.17,0.87,55.46,0,0,0,0,N/A
13/01/2025,TikTok Ads,Spark Ads,7807,83,1.08,0.99,82.08,0,0,0,0,N/A
13/01/2025,TikTok Ads,Brand Takeover,2977,21,0.74,1.41,29.58,0,0,0,0,N/A
14/01/2025,Google Search,Search Top,1581,116,7.36,1.97,228.19,7,833.14,3.65,32.6,Branded
14/01/2025,Google Search,Search Other,912,67,7.37,1.82,121.92,1,118.16,0.97,121.92,Non-Branded
14/01/2025,Google Search,Shopping,689,46,6.77,2.08,95.52,1,118.03,1.24,95.52,Non-Branded
14/01/2025,Google Search,Display Network,354,17,5.08,2.92,49.69,0,0,0,0,Non-Branded
14/01/2025,Meta Ads,Facebook Feed,3526,69,1.98,2.22,152.85,1,102.73,0.67,152.85,N/A
14/01/2025,Meta Ads,Instagram Feed,4459,84,1.89,1.98,166.73,2,204.96,1.23,83.36,N/A
14/01/2025,Meta Ads,Instagram Stories,3365,78,2.34,1.64,128.15,2,202.12,1.58,64.08,N/A
14/01/2025,Meta Ads,Reels,1876,38,2.06,2.04,77.51,1,97.09,1.25,77.51,N/A
14/01/2025,TikTok Ads,In-Feed,10931,100,0.92,1.09,108.69,0,0,0,0,N/A
14/01/2025,TikTok Ads,TopView,6763,88,1.3,0.74,65.42,0,0,0,0,N/A
14/01/2025,TikTok Ads,Spark Ads,7940,77,0.97,1.05,81.06,0,0,0,0,N/A
14/01/2025,TikTok Ads,Brand Takeover,3004,22,0.76,1.31,28.92,0,0,0,0,N/A
15/01/2025,Google Search,Search Top,1592,109,6.85,2.1,228.71,5,600.75,2.63,45.74,Branded
15/01/2025,Google Search,Search Other,833,60,7.23,1.95,116.76,1,118.45,1.01,116.76,Non-Branded
15/01/2025,Google Search,Shopping,689,46,6.78,2.14,98.22,2,242.7,2.47,49.11,Branded
15/01/2025,Google Search,Display Network,371,17,4.84,2.97,50.43,0,0,0,0,Branded
15/01/2025,Meta Ads,Facebook Feed,3687,70,1.91,2.22,155.19,2,196.14,1.26,77.59,N/A
15/01/2025,Meta Ads,Instagram Feed,4255,91,2.15,1.85,168.07,2,194.74,1.16,84.03,N/A
15/01/2025,Meta Ads,Instagram Stories,3318,79,2.39,1.56,123.16,2,197.46,1.6,61.58,N/A
15/01/2025,Meta Ads,Reels,1868,35,1.93,2.22,77.75,1,98.49,1.27,77.75,N/A
15/01/2025,TikTok Ads,In-Feed,11103,113,1.02,1.05,118.36,1,68.06,0.58,118.36,N/A
15/01/2025,TikTok Ads,TopView,6348,73,1.16,0.84,61.65,0,0,0,0,N/A
15/01/2025,TikTok Ads,Spark Ads,9913,104,1.06,0.89,92.09,1,69.57,0.76,92.09,N/A
15/01/2025,TikTok Ads,Brand Takeover,2900,22,0.76,1.37,30.06,0,0,0,0,N/A
16/01/2025,Google Search,Search Top,1576,110,7.01,1.96,215.16,2,243,1.13,107.58,Non-Branded
16/01/2025,Google Search,Search Other,987,66,6.76,2.04,134.43,1,120.87,0.9,134.43,Non-Branded
16/01/2025,Google Search,Shopping,710,48,6.82,1.97,94.8,2,236.12,2.49,47.4,Branded
16/01/2025,Google Search,Display Network,318,14,4.67,3.34,46.7,0,0,0,0,Non-Branded
16/01/2025,Meta Ads,Facebook Feed,4385,92,2.12,1.79,164.36,2,203.36,1.24,82.18,N/A
16/01/2025,Meta Ads,Instagram Feed,3710,67,1.82,2.26,151.18,1,98.18,0.65,151.18,N/A
16/01/2025,Meta Ads,Instagram Stories,3517,81,2.33,1.63,131.76,2,201.92,1.53,65.88,N/A
16/01/2025,Meta Ads,Reels,1788,33,1.89,2.34,77.19,0,0,0,0,N/A
16/01/2025,TikTok Ads,In-Feed,11839,121,1.02,0.96,115.59,1,72.16,0.62,115.59,N/A
16/01/2025,TikTok Ads,TopView,5627,61,1.09,0.97,59,0,0,0,0,N/A
16/01/2025,TikTok Ads,Spark Ads,9003,84,0.93,1.13,94.55,0,0,0,0,N/A
16/01/2025,TikTok Ads,Brand Takeover,3430,21,0.64,1.55,32.46,0,0,0,0,N/A
17/01/2025,Google Search,Search Top,1683,120,7.14,1.96,234.64,2,240.86,1.03,117.32,Non-Branded
17/01/2025,Google Search,Search Other,932,68,7.38,1.87,127.39,1,118.52,0.93,127.39,Non-Branded
17/01/2025,Google Search,Shopping,780,54,7.03,1.93,104.33,2,242.02,2.32,52.16,Branded
17/01/2025,Google Search,Display Network,382,18,4.96,2.89,52.01,0,0,0,0,Branded
17/01/2025,Meta Ads,Facebook Feed,4291,80,1.87,2.1,167.84,2,204.5,1.22,83.92,N/A
17/01/2025,Meta Ads,Instagram Feed,3801,79,2.1,1.9,150.01,2,194.2,1.29,75,N/A
17/01/2025,Meta Ads,Instagram Stories,3344,86,2.58,1.51,130.2,3,292.29,2.24,43.4,N/A
17/01/2025,Meta Ads,Reels,1899,36,1.9,2.11,75.87,1,97.93,1.29,75.87,N/A
17/01/2025,TikTok Ads,In-Feed,12366,132,1.07,0.96,126.73,1,69.06,0.54,126.73,N/A
17/01/2025,TikTok Ads,TopView,5919,67,1.15,0.93,62.08,0,0,0,0,N/A
17/01/2025,TikTok Ads,Spark Ads,8689,90,1.04,0.92,82.83,0,0,0,0,N/A
17/01/2025,TikTok Ads,Brand Takeover,3056,23,0.76,1.24,28.54,0,0,0,0,N/A
18/01/2025,Google Search,Search Top,1677,114,6.82,2.05,234.05,7,826.42,3.53,33.44,Branded
18/01/2025,Google Search,Search Other,979,69,7.1,1.94,133.73,3,355.08,2.66,44.58,Branded
18/01/2025,Google Search,Shopping,703,49,7.06,2,98.23,2,238.98,2.43,49.12,Branded
18/01/2025,Google Search,Display Network,322,15,4.91,3.15,47.25,0,0,0,0,Non-Branded
18/01/2025,Meta Ads,Facebook Feed,4039,87,2.18,1.81,157.41,2,201.02,1.28,78.7,N/A
18/01/2025,Meta Ads,Instagram Feed,3978,71,1.8,2.25,159.47,2,200.94,1.26,79.73,N/A
18/01/2025,Meta Ads,Instagram Stories,3285,76,2.33,1.77,134.26,2,202.12,1.51,67.13,N/A
18/01/2025,Meta Ads,Reels,1906,35,1.86,2.32,81.22,1,98.71,1.22,81.22,N/A
18/01/2025,TikTok Ads,In-Feed,12728,128,1.01,0.95,121.51,1,68.85,0.57,121.51,N/A
18/01/2025,TikTok Ads,TopView,6017,77,1.28,0.76,58.59,1,71.32,1.22,58.59,N/A
18/01/2025,TikTok Ads,Spark Ads,8538,78,0.92,1.08,84.18,0,0,0,0,N/A
18/01/2025,TikTok Ads,Brand Takeover,2931,20,0.69,1.54,30.74,0,0,0,0,N/A
19/01/2025,Google Search,Search Top,1764,127,7.23,1.88,239.04,3,363.93,1.52,79.68,Non-Branded
19/01/2025,Google Search,Search Other,914,62,6.8,2.15,133.57,3,356.4,2.67,44.52,Branded
19/01/2025,Google Search,Shopping,738,52,7.07,1.94,100.96,1,120.42,1.19,100.96,Non-Branded
19/01/2025,Google Search,Display Network,368,18,5.04,2.88,51.86,0,0,0,0,Branded
19/01/2025,Meta Ads,Facebook Feed,3749,73,1.95,2.1,153.06,2,200.18,1.31,76.53,N/A
19/01/2025,Meta Ads,Instagram Feed,3815,76,2.01,2,152.13,2,204.52,1.34,76.06,N/A
19/01/2025,Meta Ads,Instagram Stories,3421,89,2.61,1.5,133.13,3,306.54,2.3,44.38,N/A
19/01/2025,Meta Ads,Reels,1809,34,1.89,2.31,78.42,1,100.89,1.29,78.42,N/A
19/01/2025,TikTok Ads,In-Feed,11477,110,0.96,1.02,112.11,1,72.44,0.65,112.11,N/A
19/01/2025,TikTok Ads,TopView,6384,77,1.22,0.8,61.9,0,0,0,0,N/A
19/01/2025,TikTok Ads,Spark Ads,9326,91,0.98,1.04,94.58,1,71.48,0.76,94.58,N/A
19/01/2025,TikTok Ads,Brand Takeover,2626,17,0.67,1.59,27.06,0,0,0,0,N/A
20/01/2025,Google Search,Search Top,1595,113,7.1,1.98,224.01,2,242.3,1.08,112,Non-Branded
20/01/2025,Google Search,Search Other,967,64,6.62,2.03,129.81,3,365.61,2.82,43.27,Branded
20/01/2025,Google Search,Shopping,718,52,7.33,1.93,100.2,2,242.56,2.42,50.1,Branded
20/01/2025,Google Search,Display Network,367,18,5.03,2.76,49.71,0,0,0,0,Branded
20/01/2025,Meta Ads,Facebook Feed,3930,75,1.93,2.05,153.91,2,197.24,1.28,76.95,N/A
20/01/2025,Meta Ads,Instagram Feed,4013,83,2.09,1.91,158.51,2,201.18,1.27,79.25,N/A
20/01/2025,Meta Ads,Instagram Stories,3121,70,2.26,1.77,124.25,2,199.7,1.61,62.12,N/A
20/01/2025,Meta Ads,Reels,1872,37,1.98,2.02,74.91,1,102.4,1.37,74.91,N/A
20/01/2025,TikTok Ads,In-Feed,14188,129,0.91,1.02,131.97,1,69.35,0.53,131.97,N/A
20/01/2025,TikTok Ads,TopView,6126,79,1.3,0.81,63.78,0,0,0,0,N/A
20/01/2025,TikTok Ads,Spark Ads,8353,88,1.06,0.97,85.63,0,0,0,0,N/A
20/01/2025,TikTok Ads,Brand Takeover,3005,21,0.7,1.53,32.13,0,0,0,0,N/A
21/01/2025,Google Search,Search Top,1474,104,7.12,2.01,208.9,4,472.16,2.26,52.23,Branded
21/01/2025,Google Search,Search Other,902,63,7.01,2.08,130.88,3,359.22,2.74,43.63,Branded
21/01/2025,Google Search,Shopping,775,55,7.18,1.92,105.51,2,242.96,2.3,52.76,Branded
21/01/2025,Google Search,Display Network,357,17,4.94,3.07,52.14,0,0,0,0,Non-Branded
21/01/2025,Meta Ads,Facebook Feed,4337,87,2.02,1.9,165.3,2,197.92,1.2,82.65,N/A
21/01/2025,Meta Ads,Instagram Feed,4499,83,1.86,2.04,169.48,2,201.88,1.19,84.74,N/A
21/01/2025,Meta Ads,Instagram Stories,3222,79,2.45,1.62,128.23,2,195.26,1.52,64.11,N/A
21/01/2025,Meta Ads,Reels,2117,42,1.98,1.89,79.56,1,97.82,1.23,79.56,N/A
21/01/2025,TikTok Ads,In-Feed,13508,130,0.97,1.01,131.16,1,72.3,0.55,131.16,N/A
21/01/2025,TikTok Ads,TopView,5644,72,1.28,0.82,59.16,0,0,0,0,N/A
21/01/2025,TikTok Ads,Spark Ads,8629,87,1.01,0.97,84.37,0,0,0,0,N/A
21/01/2025,TikTok Ads,Brand Takeover,3052,21,0.71,1.42,29.91,0,0,0,0,N/A
22/01/2025,Google Search,Search Top,1679,116,6.96,2.06,238.54,6,722.16,3.03,39.76,Branded
22/01/2025,Google Search,Search Other,918,63,6.96,2.06,129.91,2,240.84,1.85,64.95,Branded
22/01/2025,Google Search,Shopping,712,51,7.29,1.9,96.94,1,120.36,1.24,96.94,Non-Branded
22/01/2025,Google Search,Display Network,339,16,4.75,3.04,48.71,0,0,0,0,Branded
22/01/2025,Meta Ads,Facebook Feed,3483,67,1.93,2.24,150.09,2,198.08,1.32,75.05,N/A
22/01/2025,Meta Ads,Instagram Feed,3968,82,2.09,2.04,167.28,2,196.52,1.17,83.64,N/A
22/01/2025,Meta Ads,Instagram Stories,3476,75,2.16,1.79,134.19,2,199.18,1.48,67.09,N/A
22/01/2025,Meta Ads,Reels,1875,37,2.01,2.07,76.61,1,98.49,1.29,76.61,N/A
22/01/2025,TikTok Ads,In-Feed,12354,127,1.03,1.01,128.18,1,67.64,0.53,128.18,N/A
22/01/2025,TikTok Ads,TopView,6017,66,1.1,0.99,65.39,0,0,0,0,N/A
22/01/2025,TikTok Ads,Spark Ads,10004,93,0.94,1.05,97.51,1,72.8,0.75,97.51,N/A
22/01/2025,TikTok Ads,Brand Takeover,3302,21,0.66,1.52,31.93,0,0,0,0,N/A
23/01/2025,Google Search,Search Top,1497,104,6.96,2.03,211.51,6,726.54,3.44,35.25,Branded
23/01/2025,Google Search,Search Other,858,63,7.36,1.91,120.22,3,360.24,3,40.07,Branded
23/01/2025,Google Search,Shopping,755,53,7.04,1.96,103.7,2,240.64,2.32,51.85,Branded
23/01/2025,Google Search,Display Network,378,18,4.99,2.97,53.4,0,0,0,0,Non-Branded
23/01/2025,Meta Ads,Facebook Feed,3734,70,1.88,2.2,154.21,2,195.16,1.27,77.11,N/A
23/01/2025,Meta Ads,Instagram Feed,3975,82,2.07,1.81,148.2,2,199.38,1.35,74.1,N/A
23/01/2025,Meta Ads,Instagram Stories,3273,73,2.24,1.91,139.34,2,199.54,1.43,69.67,N/A
23/01/2025,Meta Ads,Reels,1834,37,2.02,2.14,79.03,1,101.11,1.28,79.03,N/A
23/01/2025,TikTok Ads,In-Feed,11344,103,0.91,1.19,122.57,1,68.39,0.56,122.57,N/A
23/01/2025,TikTok Ads,TopView,5940,74,1.25,0.78,57.69,0,0,0,0,N/A
23/01/2025,TikTok Ads,Spark Ads,7811,72,0.93,1.16,83.16,0,0,0,0,N/A
23/01/2025,TikTok Ads,Brand Takeover,2849,20,0.71,1.55,30.94,0,0,0,0,N/A
24/01/2025,Google Search,Search Top,1638,111,6.84,2.1,232.65,2,242.12,1.04,116.33,Non-Branded
24/01/2025,Google Search,Search Other,812,54,6.69,2.14,115.52,2,238.92,2.07,57.76,Branded
24/01/2025,Google Search,Shopping,719,52,7.31,1.86,96.7,2,238.6,2.47,48.35,Branded
24/01/2025,Google Search,Display Network,364,16,4.67,3.07,49.07,0,0,0,0,Branded
24/01/2025,Meta Ads,Facebook Feed,4044,81,2.02,2,161.81,2,198.26,1.23,80.91,N/A
24/01/2025,Meta Ads,Instagram Feed,4050,80,1.99,1.89,151.43,2,196.22,1.3,75.72,N/A
24/01/2025,Meta Ads,Instagram Stories,3204,78,2.45,1.69,131.95,2,199.24,1.51,65.97,N/A
24/01/2025,Meta Ads,Reels,1936,41,2.14,1.96,80.55,1,102.93,1.28,80.55,N/A
24/01/2025,TikTok Ads,In-Feed,12783,119,0.93,1.01,119.83,1,70.23,0.59,119.83,N/A
24/01/2025,TikTok Ads,TopView,5626,64,1.15,0.87,55.41,0,0,0,0,N/A
24/01/2025,TikTok Ads,Spark Ads,8015,85,1.07,0.95,81.12,1,70.95,0.87,81.12,N/A
24/01/2025,TikTok Ads,Brand Takeover,2832,19,0.69,1.46,27.74,0,0,0,0,N/A
25/01/2025,Google Search,Search Top,1723,124,7.23,1.91,237.11,3,357.12,1.51,79.04,Non-Branded
25/01/2025,Google Search,Search Other,922,62,6.74,2.18,134.98,3,354.78,2.63,44.99,Branded
25/01/2025,Google Search,Shopping,709,50,7.11,1.91,95.5,1,120.99,1.27,95.5,Non-Branded
25/01/2025,Google Search,Display Network,364,17,4.76,3.12,52.98,0,0,0,0,Non-Branded
25/01/2025,Meta Ads,Facebook Feed,3984,81,2.04,2.01,163.07,2,199.36,1.22,81.53,N/A
25/01/2025,Meta Ads,Instagram Feed,4057,80,1.98,2.01,161.1,2,198.72,1.23,80.55,N/A
25/01/2025,Meta Ads,Instagram Stories,3601,92,2.58,1.51,138.6,3,306.3,2.21,46.2,N/A
25/01/2025,Meta Ads,Reels,2106,40,1.94,1.96,78.2,1,98.01,1.25,78.2,N/A
25/01/2025,TikTok Ads,In-Feed,11752,124,1.06,0.92,113.96,1,71.75,0.63,113.96,N/A
25/01/2025,TikTok Ads,TopView,6569,72,1.11,0.9,65.15,0,0,0,0,N/A
25/01/2025,TikTok Ads,Spark Ads,8455,76,0.91,1.21,91.75,0,0,0,0,N/A
25/01/2025,TikTok Ads,Brand Takeover,2941,19,0.65,1.66,31.59,0,0,0,0,N/A
26/01/2025,Google Search,Search Top,1754,118,6.76,2.04,241.1,6,725.82,3.01,40.18,Branded
26/01/2025,Google Search,Search Other,851,59,7.05,2.12,125.11,1,120.82,0.97,125.11,Non-Branded
26/01/2025,Google Search,Shopping,664,48,7.33,1.93,92.43,1,119.58,1.29,92.43,Non-Branded
26/01/2025,Google Search,Display Network,327,15,4.86,3.17,47.51,0,0,0,0,Branded
26/01/2025,Meta Ads,Facebook Feed,3642,77,2.14,1.94,149.3,2,196.74,1.32,74.65,N/A
26/01/2025,Meta Ads,Instagram Feed,4003,78,1.96,2.14,167.13,2,205.1,1.23,83.56,N/A
26/01/2025,Meta Ads,Instagram Stories,3470,83,2.4,1.69,140.63,3,296.52,2.11,46.88,N/A
26/01/2025,Meta Ads,Reels,1897,39,2.06,2.1,81.93,1,98.91,1.21,81.93,N/A
26/01/2025,TikTok Ads,In-Feed,12056,113,0.94,1.02,115.61,1,69.74,0.6,115.61,N/A
26/01/2025,TikTok Ads,TopView,5596,62,1.12,0.88,54.66,0,0,0,0,N/A
26/01/2025,TikTok Ads,Spark Ads,9746,92,0.95,1.06,97.69,1,70.01,0.72,97.69,N/A
26/01/2025,TikTok Ads,Brand Takeover,3041,19,0.65,1.67,31.75,0,0,0,0,N/A
27/01/2025,Google Search,Search Top,1714,119,6.99,1.98,235.48,7,850.57,3.61,33.64,Branded
27/01/2025,Google Search,Search Other,909,61,6.79,2.17,132.43,1,120.58,0.91,132.43,Non-Branded
27/01/2025,Google Search,Shopping,681,49,7.3,1.88,92.35,2,237.96,2.58,46.17,Branded
27/01/2025,Google Search,Display Network,374,17,4.73,3.09,52.53,0,0,0,0,Branded
27/01/2025,Meta Ads,Facebook Feed,4127,81,1.98,2.03,164.14,2,204.14,1.24,82.07,N/A
27/01/2025,Meta Ads,Instagram Feed,3720,73,1.98,2.08,151.94,2,196.06,1.29,75.97,N/A
27/01/2025,Meta Ads,Instagram Stories,3350,79,2.37,1.63,128.97,2,202.22,1.57,64.48,N/A
27/01/2025,Meta Ads,Reels,2074,40,1.95,2.09,83.79,1,100.21,1.2,83.79,N/A
27/01/2025,TikTok Ads,In-Feed,10345,106,1.03,1.05,111.18,0,0,0,0,N/A
27/01/2025,TikTok Ads,TopView,6387,74,1.16,0.83,61.34,0,0,0,0,N/A
27/01/2025,TikTok Ads,Spark Ads,8260,78,0.95,1.06,82.37,0,0,0,0,N/A
27/01/2025,TikTok Ads,Brand Takeover,3188,21,0.69,1.54,32.34,0,0,0,0,N/A
28/01/2025,Google Search,Search Top,1558,111,7.13,1.93,213.87,6,709.8,3.32,35.65,Branded
28/01/2025,Google Search,Search Other,911,63,6.96,2.08,131.19,1,120.92,0.92,131.19,Non-Branded
28/01/2025,Google Search,Shopping,739,54,7.37,1.87,101.2,1,118.07,1.17,101.2,Non-Branded
28/01/2025,Google Search,Display Network,380,18,4.84,2.99,53.87,0,0,0,0,Branded
28/01/2025,Meta Ads,Facebook Feed,3613,71,1.97,2.2,155.97,2,199.04,1.28,77.98,N/A
28/01/2025,Meta Ads,Instagram Feed,3862,83,2.16,1.78,147.35,2,198.8,1.35,73.67,N/A
28/01/2025,Meta Ads,Instagram Stories,2979,73,2.46,1.72,125.21,2,199.22,1.59,62.6,N/A
28/01/2025,Meta Ads,Reels,2268,48,2.13,1.75,84.23,1,99.09,1.18,84.23,N/A
28/01/2025,TikTok Ads,In-Feed,12349,114,0.93,1.05,119.27,1,71.48,0.6,119.27,N/A
28/01/2025,TikTok Ads,TopView,6121,69,1.14,0.84,57.89,0,0,0,0,N/A
28/01/2025,TikTok Ads,Spark Ads,8127,86,1.07,1.02,87.33,1,72.99,0.84,87.33,N/A
28/01/2025,TikTok Ads,Brand Takeover,2917,20,0.69,1.43,28.61,0,0,0,0,N/A
29/01/2025,Google Search,Search Top,1631,114,7.03,2.06,234.75,7,845.6,3.6,33.54,Branded
29/01/2025,Google Search,Search Other,915,62,6.88,2.16,133.99,2,238,1.78,67,Branded
29/01/2025,Google Search,Shopping,714,50,7.07,1.99,99.7,1,120.57,1.21,99.7,Non-Branded
29/01/2025,Google Search,Display Network,344,17,5.11,2.96,50.38,0,0,0,0,Non-Branded
29/01/2025,Meta Ads,Facebook Feed,3903,73,1.89,2.07,151.04,2,203.4,1.35,75.52,N/A
29/01/2025,Meta Ads,Instagram Feed,3876,82,2.13,1.97,161.19,2,194.38,1.21,80.59,N/A
29/01/2025,Meta Ads,Instagram Stories,3621,92,2.54,1.51,138.6,3,293.64,2.12,46.2,N/A
29/01/2025,Meta Ads,Reels,2004,41,2.07,1.9,77.83,1,97.17,1.25,77.83,N/A
29/01/2025,TikTok Ads,In-Feed,11579,104,0.91,1.07,110.77,0,0,0,0,N/A
29/01/2025,TikTok Ads,TopView,5112,65,1.27,0.84,54.59,0,0,0,0,N/A
29/01/2025,TikTok Ads,Spark Ads,8290,77,0.93,1.1,84.98,0,0,0,0,N/A
29/01/2025,TikTok Ads,Brand Takeover,2688,19,0.73,1.49,28.35,0,0,0,0,N/A
30/01/2025,Google Search,Search Top,1695,120,7.13,1.98,237.8,6,727.56,3.06,39.63,Branded
30/01/2025,Google Search,Search Other,865,60,7.05,1.96,117.41,1,121.03,1.03,117.41,Non-Branded
30/01/2025,Google Search,Shopping,692,49,7.17,1.99,97.52,1,118.01,1.21,97.52,Non-Branded
30/01/2025,Google Search,Display Network,368,18,5.08,2.98,53.64,0,0,0,0,Branded
30/01/2025,Meta Ads,Facebook Feed,3985,76,1.92,2.14,162.87,2,201.98,1.24,81.44,N/A
30/01/2025,Meta Ads,Instagram Feed,3514,72,2.06,2.04,147.14,2,202.1,1.37,73.57,N/A
30/01/2025,Meta Ads,Instagram Stories,3400,83,2.45,1.53,127.2,2,196.34,1.54,63.6,N/A
30/01/2025,Meta Ads,Reels,2088,41,2,2.05,83.86,1,99.97,1.19,83.86,N/A
30/01/2025,TikTok Ads,In-Feed,12315,124,1.01,0.92,114.21,1,68.53,0.6,114.21,N/A
30/01/2025,TikTok Ads,TopView,5995,68,1.14,0.83,56.56,0,0,0,0,N/A
30/01/2025,TikTok Ads,Spark Ads,8841,96,1.09,0.94,89.82,0,0,0,0,N/A
30/01/2025,TikTok Ads,Brand Takeover,2862,20,0.73,1.42,28.38,0,0,0,0,N/A
31/01/2025,Google Search,Search Top,1773,130,7.36,1.84,239.05,3,364.38,1.52,79.68,Non-Branded
31/01/2025,Google Search,Search Other,964,65,6.76,1.99,129.25,3,363.93,2.82,43.08,Branded
31/01/2025,Google Search,Shopping,768,54,7.04,1.98,107.17,1,120.76,1.13,107.17,Non-Branded
31/01/2025,Google Search,Display Network,341,16,4.72,3.1,49.61,0,0,0,0,Branded
31/01/2025,Meta Ads,Facebook Feed,3770,82,2.18,1.81,148.46,2,203.52,1.37,74.23,N/A
31/01/2025,Meta Ads,Instagram Feed,3966,80,2.03,2,160.25,2,195.42,1.22,80.12,N/A
31/01/2025,Meta Ads,Instagram Stories,3222,78,2.44,1.72,133.81,2,197.92,1.48,66.91,N/A
31/01/2025,Meta Ads,Reels,1867,33,1.81,2.32,76.55,1,98.27,1.28,76.55,N/A
31/01/2025,TikTok Ads,In-Feed,10695,108,1.02,1.03,111.48,1,72.27,0.65,111.48,N/A
31/01/2025,TikTok Ads,TopView,5648,73,1.31,0.8,58.16,0,0,0,0,N/A
31/01/2025,TikTok Ads,Spark Ads,8205,86,1.06,0.97,83.24,0,0,0,0,N/A
31/01/2025,TikTok Ads,Brand Takeover,2627,16,0.64,1.69,27.01,0,0,0,0,N/A
01/02/2025,Google Search,Search Top,1525,105,6.9,2.03,213.39,7,839.93,3.94,30.48,Branded
01/02/2025,Google Search,Search Other,822,56,6.91,2.12,118.66,3,356.19,3,39.55,Branded
01/02/2025,Google Search,Shopping,764,51,6.72,2.1,106.94,2,238.1,2.23,53.47,Branded
01/02/2025,Google Search,Display Network,375,19,5.11,2.83,53.69,0,0,0,0,Non-Branded
01/02/2025,Meta Ads,Facebook Feed,4208,91,2.18,1.87,170.13,2,195.76,1.15,85.06,N/A
01/02/2025,Meta Ads,Instagram Feed,4171,76,1.85,2.17,165.08,2,196.8,1.19,82.54,N/A
01/02/2025,Meta Ads,Instagram Stories,3444,90,2.63,1.43,128.46,3,294.09,2.29,42.82,N/A
01/02/2025,Meta Ads,Reels,1984,39,2.01,1.96,76.3,1,98.91,1.3,76.3,N/A
01/02/2025,TikTok Ads,In-Feed,12527,122,0.98,1.07,130.52,1,72.47,0.56,130.52,N/A
01/02/2025,TikTok Ads,TopView,5869,74,1.27,0.84,62.07,0,0,0,0,N/A
01/02/2025,TikTok Ads,Spark Ads,9407,99,1.06,0.94,93.38,1,67.21,0.72,93.38,N/A
01/02/2025,TikTok Ads,Brand Takeover,2639,17,0.65,1.66,28.24,0,0,0,0,N/A
02/02/2025,Google Search,Search Top,1579,108,6.84,1.96,211.63,3,354.63,1.68,70.54,Non-Branded
02/02/2025,Google Search,Search Other,886,65,7.37,1.94,126.16,1,120.61,0.96,126.16,Non-Branded
02/02/2025,Google Search,Shopping,653,47,7.23,2.01,94.38,2,242.08,2.56,47.19,Branded
02/02/2025,Google Search,Display Network,339,16,4.97,2.92,46.7,0,0,0,0,Branded
02/02/2025,Meta Ads,Facebook Feed,3691,74,2.01,2.06,152.68,2,200.64,1.31,76.34,N/A
02/02/2025,Meta Ads,Instagram Feed,4090,74,1.82,2.06,152.8,2,203.14,1.33,76.4,N/A
02/02/2025,Meta Ads,Instagram Stories,2953,75,2.56,1.64,123.08,3,305.91,2.49,41.03,N/A
02/02/2025,Meta Ads,Reels,1879,40,2.15,1.97,78.93,1,102.89,1.3,78.93,N/A
02/02/2025,TikTok Ads,In-Feed,10260,101,0.99,1.08,109.52,1,70.24,0.64,109.52,N/A
02/02/2025,TikTok Ads,TopView,5716,65,1.15,0.88,57.28,0,0,0,0,N/A
02/02/2025,TikTok Ads,Spark Ads,8713,86,0.99,1,85.59,1,67.36,0.79,85.59,N/A
02/02/2025,TikTok Ads,Brand Takeover,3128,21,0.69,1.54,32.4,0,0,0,0,N/A
03/02/2025,Google Search,Search Top,1613,113,7.04,1.98,223.87,2,241.7,1.08,111.94,Non-Branded
03/02/2025,Google Search,Search Other,916,60,6.66,2.1,125.87,1,120.79,0.96,125.87,Non-Branded
03/02/2025,Google Search,Shopping,723,49,6.86,2.05,100.51,2,239.82,2.39,50.26,Branded
03/02/2025,Google Search,Display Network,358,16,4.63,3.25,52.02,0,0,0,0,Branded
03/02/2025,Meta Ads,Facebook Feed,3783,73,1.95,2.04,148.8,2,202.48,1.36,74.4,N/A
03/02/2025,Meta Ads,Instagram Feed,3858,84,2.2,1.9,159.77,2,196.42,1.23,79.89,N/A
03/02/2025,Meta Ads,Instagram Stories,3147,74,2.35,1.84,135.85,2,194.86,1.43,67.92,N/A
03/02/2025,Meta Ads,Reels,2135,39,1.87,2.08,81.09,1,99.46,1.23,81.09,N/A
03/02/2025,TikTok Ads,In-Feed,11480,112,0.98,1.1,123.09,1,67.62,0.55,123.09,N/A
03/02/2025,TikTok Ads,TopView,5882,74,1.28,0.77,56.79,0,0,0,0,N/A
03/02/2025,TikTok Ads,Spark Ads,9250,89,0.97,0.99,87.94,0,0,0,0,N/A
03/02/2025,TikTok Ads,Brand Takeover,2935,19,0.68,1.58,30.07,0,0,0,0,N/A
04/02/2025,Google Search,Search Top,1506,111,7.39,1.96,217.7,5,602.5,2.77,43.54,Branded
04/02/2025,Google Search,Search Other,836,61,7.39,1.93,117.74,1,121.01,1.03,117.74,Non-Branded
04/02/2025,Google Search,Shopping,756,53,7.11,1.96,103.63,1,121.22,1.17,103.63,Non-Branded
04/02/2025,Google Search,Display Network,325,15,4.75,3.09,46.32,0,0,0,0,Branded
04/02/2025,Meta Ads,Facebook Feed,3719,81,2.2,1.85,149.74,2,194.46,1.3,74.87,N/A
04/02/2025,Meta Ads,Instagram Feed,4235,85,2.02,1.97,167.64,2,194.06,1.16,83.82,N/A
04/02/2025,Meta Ads,Instagram Stories,3028,78,2.61,1.59,123.8,2,198.82,1.61,61.9,N/A
04/02/2025,Meta Ads,Reels,1904,35,1.87,2.11,73.98,1,97.56,1.32,73.98,N/A
04/02/2025,TikTok Ads,In-Feed,10582,108,1.03,1,108.17,1,72.8,0.67,108.17,N/A
04/02/2025,TikTok Ads,TopView,6905,81,1.18,0.8,64.9,0,0,0,0,N/A
04/02/2025,TikTok Ads,Spark Ads,8859,95,1.08,0.89,84.62,0,0,0,0,N/A
04/02/2025,TikTok Ads,Brand Takeover,3200,20,0.64,1.56,31.18,0,0,0,0,N/A
05/02/2025,Google Search,Search Top,1594,112,7.06,1.9,213.28,7,833.28,3.91,30.47,Branded
05/02/2025,Google Search,Search Other,909,64,7.11,1.92,122.9,3,356.55,2.9,40.97,Branded
05/02/2025,Google Search,Shopping,704,47,6.79,2,93.96,2,241.38,2.57,46.98,Branded
05/02/2025,Google Search,Display Network,359,18,5.12,2.75,49.52,0,0,0,0,Non-Branded
05/02/2025,Meta Ads,Facebook Feed,3891,77,1.98,2.1,161.5,2,205.72,1.27,80.75,N/A
05/02/2025,Meta Ads,Instagram Feed,4084,78,1.91,2.17,169.21,2,201.62,1.19,84.61,N/A
05/02/2025,Meta Ads,Instagram Stories,3466,87,2.53,1.53,132.95,2,199.44,1.5,66.47,N/A
05/02/2025,Meta Ads,Reels,1907,38,2.03,2.07,78.8,1,101.52,1.29,78.8,N/A
05/02/2025,TikTok Ads,In-Feed,11760,121,1.03,0.9,109.24,1,71.59,0.66,109.24,N/A
05/02/2025,TikTok Ads,TopView,5905,73,1.25,0.81,59.01,0,0,0,0,N/A
05/02/2025,TikTok Ads,Spark Ads,8892,83,0.94,1.07,89.13,1,69.65,0.78,89.13,N/A
05/02/2025,TikTok Ads,Brand Takeover,2799,20,0.72,1.47,29.34,0,0,0,0,N/A
06/02/2025,Google Search,Search Top,1522,107,7.07,2.02,215.74,5,598.75,2.78,43.15,Branded
06/02/2025,Google Search,Search Other,855,56,6.65,2.25,125.76,3,357.21,2.84,41.92,Branded
06/02/2025,Google Search,Shopping,754,53,7.11,1.9,100.77,2,243.46,2.42,50.38,Branded
06/02/2025,Google Search,Display Network,371,19,5.14,2.63,50.03,0,0,0,0,Non-Branded
06/02/2025,Meta Ads,Facebook Feed,3840,70,1.83,2.34,164.14,2,204.08,1.24,82.07,N/A
06/02/2025,Meta Ads,Instagram Feed,3961,76,1.93,1.96,149.22,2,202.66,1.36,74.61,N/A
06/02/2025,Meta Ads,Instagram Stories,3377,81,2.41,1.6,129.4,2,204.14,1.58,64.7,N/A
06/02/2025,Meta Ads,Reels,2164,41,1.92,2.01,82.23,1,99.4,1.21,82.23,N/A
06/02/2025,TikTok Ads,In-Feed,12501,115,0.93,1.08,124.49,1,71.82,0.58,124.49,N/A
06/02/2025,TikTok Ads,TopView,6588,72,1.1,0.9,65.16,0,0,0,0,N/A
06/02/2025,TikTok Ads,Spark Ads,9360,85,0.91,1.03,87.95,1,69.61,0.79,87.95,N/A
06/02/2025,TikTok Ads,Brand Takeover,3341,22,0.67,1.48,32.65,0,0,0,0,N/A
07/02/2025,Google Search,Search Top,1805,131,7.3,1.84,240.89,6,717.72,2.98,40.15,Branded
07/02/2025,Google Search,Search Other,902,60,6.66,2.16,129.53,3,365.85,2.82,43.18,Branded
07/02/2025,Google Search,Shopping,643,46,7.27,2.05,94.43,1,121.15,1.28,94.43,Non-Branded
07/02/2025,Google Search,Display Network,392,18,4.77,2.94,52.87,0,0,0,0,Non-Branded
07/02/2025,Meta Ads,Facebook Feed,3795,81,2.14,1.98,160.28,2,205.44,1.28,80.14,N/A
07/02/2025,Meta Ads,Instagram Feed,4092,78,1.93,2.1,163.42,2,199.28,1.22,81.71,N/A
07/02/2025,Meta Ads,Instagram Stories,3416,82,2.41,1.71,140.52,2,205.24,1.46,70.26,N/A
07/02/2025,Meta Ads,Reels,1851,40,2.19,1.97,78.98,1,97.26,1.23,78.98,N/A
07/02/2025,TikTok Ads,In-Feed,12388,128,1.04,0.94,119.88,1,67.25,0.56,119.88,N/A
07/02/2025,TikTok Ads,TopView,5720,65,1.14,0.94,60.89,0,0,0,0,N/A
07/02/2025,TikTok Ads,Spark Ads,9452,101,1.07,0.96,96.81,1,70.2,0.73,96.81,N/A
07/02/2025,TikTok Ads,Brand Takeover,2985,19,0.66,1.62,30.79,0,0,0,0,N/A
08/02/2025,Google Search,Search Top,1528,112,7.39,1.95,218.4,7,849.1,3.89,31.2,Branded
08/02/2025,Google Search,Search Other,861,58,6.74,2.11,122.53,3,363.27,2.96,40.84,Branded
08/02/2025,Google Search,Shopping,707,46,6.63,2.13,98.16,2,239.3,2.44,49.08,Branded
08/02/2025,Google Search,Display Network,360,18,5.03,2.7,48.55,0,0,0,0,Branded
08/02/2025,Meta Ads,Facebook Feed,3824,70,1.85,2.33,162.86,2,203.34,1.25,81.43,N/A
08/02/2025,Meta Ads,Instagram Feed,3968,83,2.1,1.94,161.08,2,199.52,1.24,80.54,N/A
08/02/2025,Meta Ads,Instagram Stories,3251,77,2.39,1.69,129.97,2,202.44,1.56,64.98,N/A
08/02/2025,Meta Ads,Reels,1942,42,2.2,2.01,84.45,1,102.83,1.22,84.45,N/A
08/02/2025,TikTok Ads,In-Feed,11172,111,1,1.06,117.78,1,68.21,0.58,117.78,N/A
08/02/2025,TikTok Ads,TopView,6678,81,1.22,0.79,64.03,0,0,0,0,N/A
08/02/2025,TikTok Ads,Spark Ads,9672,104,1.08,0.88,91.36,1,70.41,0.77,91.36,N/A
08/02/2025,TikTok Ads,Brand Takeover,3096,22,0.73,1.48,32.51,0,0,0,0,N/A
09/02/2025,Google Search,Search Top,1493,103,6.94,2.08,214.37,5,609.25,2.84,42.87,Branded
09/02/2025,Google Search,Search Other,847,60,7.1,1.94,116.48,3,365.73,3.14,38.83,Branded
09/02/2025,Google Search,Shopping,772,53,6.9,2.02,107.07,2,238.16,2.22,53.53,Branded
09/02/2025,Google Search,Display Network,388,19,5.02,2.76,52.48,0,0,0,0,Branded
09/02/2025,Meta Ads,Facebook Feed,3802,72,1.91,2.22,160.12,2,198.9,1.24,80.06,N/A
09/02/2025,Meta Ads,Instagram Feed,4202,91,2.17,1.81,164.99,3,300.87,1.82,55,N/A
09/02/2025,Meta Ads,Instagram Stories,3498,78,2.26,1.73,134.74,3,301.77,2.24,44.91,N/A
09/02/2025,Meta Ads,Reels,1909,36,1.92,2.21,79.74,1,97.11,1.22,79.74,N/A
09/02/2025,TikTok Ads,In-Feed,11808,129,1.1,0.92,119.23,1,72.93,0.61,119.23,N/A
09/02/2025,TikTok Ads,TopView,5553,67,1.22,0.87,58.59,0,0,0,0,N/A
09/02/2025,TikTok Ads,Spark Ads,9588,98,1.02,0.95,93.03,1,68.03,0.73,93.03,N/A
09/02/2025,TikTok Ads,Brand Takeover,2618,20,0.76,1.4,27.94,0,0,0,0,N/A
10/02/2025,Google Search,Search Top,1572,105,6.7,2.02,212.43,6,711.18,3.35,35.41,Branded
10/02/2025,Google Search,Search Other,973,69,7.11,1.89,130.33,1,119.15,0.91,130.33,Non-Branded
10/02/2025,Google Search,Shopping,748,49,6.68,2.19,107.07,2,238.02,2.22,53.53,Branded
10/02/2025,Google Search,Display Network,389,20,5.15,2.68,53.52,0,0,0,0,Non-Branded
10/02/2025,Meta Ads,Facebook Feed,3721,74,2,2.08,154.21,2,204.8,1.33,77.11,N/A
10/02/2025,Meta Ads,Instagram Feed,4095,76,1.86,2.02,153.73,2,200.4,1.3,76.86,N/A
10/02/2025,Meta Ads,Instagram Stories,3230,81,2.53,1.52,122.85,2,203.46,1.66,61.42,N/A
10/02/2025,Meta Ads,Reels,2096,45,2.19,1.84,82.97,1,98.75,1.19,82.97,N/A
10/02/2025,TikTok Ads,In-Feed,10825,116,1.07,1,115.94,1,67.79,0.58,115.94,N/A
10/02/2025,TikTok Ads,TopView,6286,75,1.2,0.82,61.47,0,0,0,0,N/A
10/02/2025,TikTok Ads,Spark Ads,8538,86,1.02,0.98,84.04,0,0,0,0,N/A
10/02/2025,TikTok Ads,Brand Takeover,3060,21,0.71,1.44,30.15,0,0,0,0,N/A
11/02/2025,Google Search,Search Top,1587,113,7.17,1.95,220.55,3,363.93,1.65,73.52,Non-Branded
11/02/2025,Google Search,Search Other,950,63,6.65,2.05,129.41,3,358.41,2.77,43.14,Branded
11/02/2025,Google Search,Shopping,692,47,6.93,2.16,101.43,2,240.7,2.37,50.72,Branded
11/02/2025,Google Search,Display Network,330,15,4.64,3.23,48.51,0,0,0,0,Non-Branded
11/02/2025,Meta Ads,Facebook Feed,4121,80,1.94,2.08,166.5,2,198.96,1.19,83.25,N/A
11/02/2025,Meta Ads,Instagram Feed,4162,89,2.16,1.83,162.99,2,204,1.25,81.5,N/A
11/02/2025,Meta Ads,Instagram Stories,3255,76,2.36,1.75,133.04,2,203.98,1.53,66.52,N/A
11/02/2025,Meta Ads,Reels,1902,34,1.81,2.2,74.85,1,99.71,1.33,74.85,N/A
11/02/2025,TikTok Ads,In-Feed,11914,116,0.97,0.99,115.33,1,68.37,0.59,115.33,N/A
11/02/2025,TikTok Ads,TopView,5265,69,1.31,0.82,56.92,0,0,0,0,N/A
11/02/2025,TikTok Ads,Spark Ads,9572,94,0.99,1.03,96.66,0,0,0,0,N/A
11/02/2025,TikTok Ads,Brand Takeover,2833,19,0.7,1.55,29.46,0,0,0,0,N/A
12/02/2025,Google Search,Search Top,1714,120,7.02,2.02,242.11,6,710.34,2.93,40.35,Branded
12/02/2025,Google Search,Search Other,910,62,6.88,2.07,128.13,2,237.66,1.85,64.06,Branded
12/02/2025,Google Search,Shopping,748,50,6.78,2.05,102.48,1,119.64,1.17,102.48,Non-Branded
12/02/2025,Google Search,Display Network,327,15,4.64,3.08,46.24,0,0,0,0,Branded
12/02/2025,Meta Ads,Facebook Feed,4062,80,1.97,1.95,156.16,2,204.8,1.31,78.08,N/A
12/02/2025,Meta Ads,Instagram Feed,4410,87,2,1.93,168.05,2,203.54,1.21,84.03,N/A
12/02/2025,Meta Ads,Instagram Stories,3207,82,2.57,1.51,123.46,2,195.62,1.58,61.73,N/A
12/02/2025,Meta Ads,Reels,2155,45,2.11,1.89,85.27,1,102.35,1.2,85.27,N/A
12/02/2025,TikTok Ads,In-Feed,10734,101,0.94,1.08,109.32,1,70.41,0.64,109.32,N/A
12/02/2025,TikTok Ads,TopView,5960,68,1.15,0.94,64.13,0,0,0,0,N/A
12/02/2025,TikTok Ads,Spark Ads,8169,77,0.95,1.08,83.46,0,0,0,0,N/A
12/02/2025,TikTok Ads,Brand Takeover,2826,19,0.7,1.45,27.51,0,0,0,0,N/A
13/02/2025,Google Search,Search Top,1594,114,7.16,2.05,234.02,6,712.74,3.05,39,Branded
13/02/2025,Google Search,Search Other,805,56,7.02,2.1,117.49,1,118.31,1.01,117.49,Non-Branded
13/02/2025,Google Search,Shopping,707,51,7.27,1.98,101.13,1,120.35,1.19,101.13,Non-Branded
13/02/2025,Google Search,Display Network,361,17,4.93,2.95,50.22,0,0,0,0,Branded
13/02/2025,Meta Ads,Facebook Feed,3589,65,1.82,2.38,154.74,1,100.82,0.65,154.74,N/A
13/02/2025,Meta Ads,Instagram Feed,4054,85,2.11,1.83,155.31,2,201.5,1.3,77.66,N/A
13/02/2025,Meta Ads,Instagram Stories,3364,77,2.29,1.74,133.88,2,194.76,1.45,66.94,N/A
13/02/2025,Meta Ads,Reels,2004,37,1.87,2.13,78.84,1,100.99,1.28,78.84,N/A
13/02/2025,TikTok Ads,In-Feed,12532,121,0.97,1.03,124.43,1,67.9,0.55,124.43,N/A
13/02/2025,TikTok Ads,TopView,5329,63,1.18,0.9,56.89,0,0,0,0,N/A
13/02/2025,TikTok Ads,Spark Ads,9116,83,0.91,1.12,93.09,1,71.32,0.77,93.09,N/A
13/02/2025,TikTok Ads,Brand Takeover,3519,24,0.69,1.36,32.73,0,0,0,0,N/A
14/02/2025,Google Search,Search Top,1477,103,6.99,2.08,214.23,5,595.25,2.78,42.85,Branded
14/02/2025,Google Search,Search Other,830,60,7.32,1.98,118.79,3,354.9,2.99,39.6,Branded
14/02/2025,Google Search,Shopping,712,50,7.15,1.97,98.37,2,236.92,2.41,49.19,Branded
14/02/2025,Google Search,Display Network,351,17,4.84,2.97,50.49,0,0,0,0,Branded
14/02/2025,Meta Ads,Facebook Feed,3507,68,1.95,2.22,151.03,1,101.41,0.67,151.03,N/A
14/02/2025,Meta Ads,Instagram Feed,4056,83,2.05,1.85,153.51,2,197.28,1.29,76.75,N/A
14/02/2025,Meta Ads,Instagram Stories,3162,77,2.45,1.69,130.07,2,206,1.58,65.03,N/A
14/02/2025,Meta Ads,Reels,2007,37,1.88,2.02,74.62,1,97.32,1.3,74.62,N/A
14/02/2025,TikTok Ads,In-Feed,12149,127,1.05,0.95,121.14,1,68.52,0.57,121.14,N/A
14/02/2025,TikTok Ads,TopView,6360,71,1.13,0.92,65.15,0,0,0,0,N/A
14/02/2025,TikTok Ads,Spark Ads,9024,91,1.01,1.01,92.17,0,0,0,0,N/A
14/02/2025,TikTok Ads,Brand Takeover,3048,23,0.76,1.25,28.86,0,0,0,0,N/A
15/02/2025,Google Search,Search Top,1562,106,6.85,2.12,224.57,3,361.86,1.61,74.86,Non-Branded
15/02/2025,Google Search,Search Other,828,57,6.97,2.12,120.82,2,239.8,1.98,60.41,Non-Branded
15/02/2025,Google Search,Shopping,694,48,6.94,2.04,97.7,1,119.92,1.23,97.7,Non-Branded
15/02/2025,Google Search,Display Network,351,17,4.88,2.98,50.63,0,0,0,0,Branded
15/02/2025,Meta Ads,Facebook Feed,3602,70,1.95,2.22,155.27,2,198.42,1.28,77.64,N/A
15/02/2025,Meta Ads,Instagram Feed,4534,84,1.86,2.03,170.37,2,196.02,1.15,85.19,N/A
15/02/2025,Meta Ads,Instagram Stories,3288,78,2.39,1.58,122.9,3,293.01,2.38,40.97,N/A
15/02/2025,Meta Ads,Reels,2058,42,2.07,1.98,83.01,1,99.68,1.2,83.01,N/A
15/02/2025,TikTok Ads,In-Feed,12213,133,1.09,0.86,114.78,1,72.53,0.63,114.78,N/A
15/02/2025,TikTok Ads,TopView,5756,71,1.25,0.86,61.32,0,0,0,0,N/A
15/02/2025,TikTok Ads,Spark Ads,8611,85,0.99,1.01,85.7,1,69.74,0.81,85.7,N/A
15/02/2025,TikTok Ads,Brand Takeover,3182,20,0.63,1.62,32.45,0,0,0,0,N/A
16/02/2025,Google Search,Search Top,1569,114,7.33,1.87,213.37,6,729.36,3.42,35.56,Branded
16/02/2025,Google Search,Search Other,942,65,6.98,1.94,126.26,3,364.71,2.89,42.09,Branded
16/02/2025,Google Search,Shopping,673,45,6.76,2.09,93.92,1,120.56,1.28,93.92,Non-Branded
16/02/2025,Google Search,Display Network,351,18,5.16,2.69,48.34,0,0,0,0,Branded
16/02/2025,Meta Ads,Facebook Feed,3941,83,2.13,2,166.2,2,202.02,1.22,83.1,N/A
16/02/2025,Meta Ads,Instagram Feed,3747,75,2.02,1.96,147.35,2,203.5,1.38,73.67,N/A
16/02/2025,Meta Ads,Instagram Stories,3319,75,2.29,1.83,137.08,2,194.9,1.42,68.54,N/A
16/02/2025,Meta Ads,Reels,1850,40,2.2,1.88,75.37,1,97.26,1.29,75.37,N/A
16/02/2025,TikTok Ads,In-Feed,12880,131,1.02,0.96,125.57,1,72.85,0.58,125.57,N/A
16/02/2025,TikTok Ads,TopView,6203,79,1.28,0.77,60.45,0,0,0,0,N/A
16/02/2025,TikTok Ads,Spark Ads,8952,87,0.97,1.12,97.29,1,68.02,0.7,97.29,N/A
16/02/2025,TikTok Ads,Brand Takeover,2895,19,0.66,1.55,29.52,0,0,0,0,N/A
17/02/2025,Google Search,Search Top,1558,112,7.19,1.92,214.49,6,720.06,3.36,35.75,Branded
17/02/2025,Google Search,Search Other,896,64,7.16,1.9,121.64,3,359.85,2.96,40.55,Branded
17/02/2025,Google Search,Shopping,697,47,6.83,2.12,99.45,2,238.98,2.4,49.73,Branded
17/02/2025,Google Search,Display Network,392,20,5.14,2.66,53.14,0,0,0,0,Branded
17/02/2025,Meta Ads,Facebook Feed,4236,84,1.99,2.03,170.76,2,195.8,1.15,85.38,N/A
17/02/2025,Meta Ads,Instagram Feed,4104,89,2.19,1.77,157.69,2,197.9,1.25,78.84,N/A
17/02/2025,Meta Ads,Instagram Stories,3041,66,2.17,1.98,130.87,2,201.48,1.54,65.44,N/A
17/02/2025,Meta Ads,Reels,1884,38,2.04,2.05,78.07,1,99.9,1.28,78.07,N/A
17/02/2025,TikTok Ads,In-Feed,13072,136,1.04,0.94,127.34,1,67.12,0.53,127.34,N/A
17/02/2025,TikTok Ads,TopView,5949,74,1.25,0.82,60.44,0,0,0,0,N/A
17/02/2025,TikTok Ads,Spark Ads,8901,95,1.08,0.96,91.46,1,72.27,0.79,91.46,N/A
17/02/2025,TikTok Ads,Brand Takeover,2895,20,0.7,1.53,30.67,0,0,0,0,N/A
18/02/2025,Google Search,Search Top,1655,121,7.33,1.95,236.01,5,601.1,2.55,47.2,Branded
18/02/2025,Google Search,Search Other,955,63,6.61,2.05,129,1,121.5,0.94,129,Non-Branded
18/02/2025,Google Search,Shopping,719,47,6.62,2.1,98.58,2,241.8,2.45,49.29,Branded
18/02/2025,Google Search,Display Network,375,17,4.73,3.15,53.59,0,0,0,0,Non-Branded
18/02/2025,Meta Ads,Facebook Feed,3953,75,1.91,2.11,158.36,2,198.28,1.25,79.18,N/A
18/02/2025,Meta Ads,Instagram Feed,3708,67,1.83,2.37,158.98,1,97.04,0.61,158.98,N/A
18/02/2025,Meta Ads,Instagram Stories,3529,91,2.6,1.48,134.72,3,295.38,2.19,44.91,N/A
18/02/2025,Meta Ads,Reels,2045,40,1.99,1.89,75.77,1,97.46,1.29,75.77,N/A
18/02/2025,TikTok Ads,In-Feed,11193,110,0.98,1.09,120.12,1,72.54,0.6,120.12,N/A
18/02/2025,TikTok Ads,TopView,6605,77,1.17,0.81,62.27,0,0,0,0,N/A
18/02/2025,TikTok Ads,Spark Ads,8894,87,0.98,1.05,91.25,0,0,0,0,N/A
18/02/2025,TikTok Ads,Brand Takeover,3340,23,0.72,1.4,32.3,0,0,0,0,N/A
19/02/2025,Google Search,Search Top,1582,111,7.03,1.99,220.44,5,599.45,2.72,44.09,Branded
19/02/2025,Google Search,Search Other,868,63,7.33,1.89,118.85,3,362.13,3.05,39.62,Branded
19/02/2025,Google Search,Shopping,644,43,6.81,2.2,94.41,1,120.58,1.28,94.41,Non-Branded
19/02/2025,Google Search,Display Network,330,15,4.79,3.1,46.48,0,0,0,0,Non-Branded
19/02/2025,Meta Ads,Facebook Feed,4180,84,2.02,1.91,160.72,2,205.98,1.28,80.36,N/A
19/02/2025,Meta Ads,Instagram Feed,3941,71,1.81,2.27,161.1,2,202.38,1.26,80.55,N/A
19/02/2025,Meta Ads,Instagram Stories,3462,82,2.38,1.69,138.53,2,196.56,1.42,69.27,N/A
19/02/2025,Meta Ads,Reels,2243,46,2.06,1.85,85.02,1,101.14,1.19,85.02,N/A
19/02/2025,TikTok Ads,In-Feed,12637,121,0.96,1.03,124.11,1,70.8,0.57,124.11,N/A
19/02/2025,TikTok Ads,TopView,6392,84,1.32,0.75,63.13,0,0,0,0,N/A
19/02/2025,TikTok Ads,Spark Ads,9443,89,0.95,1.02,90.58,0,0,0,0,N/A
19/02/2025,TikTok Ads,Brand Takeover,3338,22,0.66,1.46,32.14,0,0,0,0,N/A
20/02/2025,Google Search,Search Top,1764,121,6.89,1.96,237.11,3,359.52,1.52,79.04,Non-Branded
20/02/2025,Google Search,Search Other,863,58,6.82,2.17,125.7,1,118.07,0.94,125.7,Non-Branded
20/02/2025,Google Search,Shopping,673,49,7.33,2.02,98.9,1,119.48,1.21,98.9,Non-Branded
20/02/2025,Google Search,Display Network,333,16,4.87,3,47.94,0,0,0,0,Branded
20/02/2025,Meta Ads,Facebook Feed,4028,82,2.04,1.84,150.56,2,195,1.3,75.28,N/A
20/02/2025,Meta Ads,Instagram Feed,3936,73,1.86,2.08,152.12,2,198.22,1.3,76.06,N/A
20/02/2025,Meta Ads,Instagram Stories,3166,75,2.38,1.69,126.6,2,200.36,1.58,63.3,N/A
20/02/2025,Meta Ads,Reels,1970,42,2.16,1.82,76.34,1,100.12,1.31,76.34,N/A
20/02/2025,TikTok Ads,In-Feed,12225,131,1.08,0.88,114.98,1,68.31,0.59,114.98,N/A
20/02/2025,TikTok Ads,TopView,5546,68,1.24,0.84,56.87,0,0,0,0,N/A
20/02/2025,TikTok Ads,Spark Ads,8857,84,0.96,1.03,86.35,0,0,0,0,N/A
20/02/2025,TikTok Ads,Brand Takeover,3063,22,0.74,1.41,31.12,0,0,0,0,N/A
21/02/2025,Google Search,Search Top,1635,116,7.14,1.98,229.28,6,718.32,3.13,38.21,Branded
21/02/2025,Google Search,Search Other,824,55,6.73,2.14,117.79,2,241.22,2.05,58.9,Branded
21/02/2025,Google Search,Shopping,748,51,6.83,2.1,107.07,2,241.02,2.25,53.53,Branded
21/02/2025,Google Search,Display Network,363,17,4.89,2.99,50.9,0,0,0,0,Branded
21/02/2025,Meta Ads,Facebook Feed,3747,70,1.89,2.14,149.63,2,200.04,1.34,74.81,N/A
21/02/2025,Meta Ads,Instagram Feed,3797,82,2.17,1.86,152.38,2,199.94,1.31,76.19,N/A
21/02/2025,Meta Ads,Instagram Stories,3613,88,2.46,1.54,135.55,2,197.02,1.45,67.78,N/A
21/02/2025,Meta Ads,Reels,1939,41,2.16,1.97,80.73,1,101.35,1.26,80.73,N/A
21/02/2025,TikTok Ads,In-Feed,12191,132,1.09,0.87,115.15,1,72.76,0.63,115.15,N/A
21/02/2025,TikTok Ads,TopView,6356,74,1.18,0.8,59.47,0,0,0,0,N/A
21/02/2025,TikTok Ads,Spark Ads,8426,86,1.02,0.98,84.53,1,69.16,0.82,84.53,N/A
21/02/2025,TikTok Ads,Brand Takeover,2810,21,0.76,1.41,29.52,0,0,0,0,N/A
22/02/2025,Google Search,Search Top,1482,106,7.2,1.96,207.74,7,827.33,3.98,29.68,Branded
22/02/2025,Google Search,Search Other,883,60,6.84,2.13,127.64,1,119.77,0.94,127.64,Non-Branded
22/02/2025,Google Search,Shopping,706,51,7.31,1.98,100.83,2,242.52,2.41,50.41,Branded
22/02/2025,Google Search,Display Network,386,19,4.99,2.75,52.17,0,0,0,0,Non-Branded
22/02/2025,Meta Ads,Facebook Feed,3911,71,1.82,2.22,157.76,2,199.96,1.27,78.88,N/A
22/02/2025,Meta Ads,Instagram Feed,4066,80,1.98,1.92,153.46,2,199.82,1.3,76.73,N/A
22/02/2025,Meta Ads,Instagram Stories,3814,94,2.48,1.51,142.39,3,306.15,2.15,47.46,N/A
22/02/2025,Meta Ads,Reels,2047,40,1.98,1.91,76.34,1,98.45,1.29,76.34,N/A
22/02/2025,TikTok Ads,In-Feed,13225,126,0.96,1.04,130.62,1,67.03,0.51,130.62,N/A
22/02/2025,TikTok Ads,TopView,5474,62,1.15,0.94,58.48,0,0,0,0,N/A
22/02/2025,TikTok Ads,Spark Ads,9624,96,1,0.93,89.13,1,71.51,0.8,89.13,N/A
22/02/2025,TikTok Ads,Brand Takeover,3128,20,0.64,1.64,32.71,0,0,0,0,N/A
23/02/2025,Google Search,Search Top,1587,111,7.03,1.98,219.85,7,851.76,3.87,31.41,Branded
23/02/2025,Google Search,Search Other,840,57,6.9,2.08,118.83,3,357.54,3.01,39.61,Branded
23/02/2025,Google Search,Shopping,683,50,7.38,1.92,96.14,1,119.98,1.25,96.14,Non-Branded
23/02/2025,Google Search,Display Network,342,17,5,2.91,49.49,0,0,0,0,Non-Branded
23/02/2025,Meta Ads,Facebook Feed,4151,78,1.89,2.02,157.55,2,197.28,1.25,78.78,N/A
23/02/2025,Meta Ads,Instagram Feed,4036,76,1.89,2.21,168.09,2,203.46,1.21,84.05,N/A
23/02/2025,Meta Ads,Instagram Stories,3389,75,2.24,1.84,137.98,3,301.62,2.19,45.99,N/A
23/02/2025,Meta Ads,Reels,1774,34,1.94,2.17,73.7,1,101.43,1.38,73.7,N/A
23/02/2025,TikTok Ads,In-Feed,13282,124,0.94,1,123.71,1,67.77,0.55,123.71,N/A
23/02/2025,TikTok Ads,TopView,6548,77,1.18,0.82,62.84,0,0,0,0,N/A
23/02/2025,TikTok Ads,Spark Ads,7839,73,0.94,1.17,85.05,0,0,0,0,N/A
23/02/2025,TikTok Ads,Brand Takeover,3163,20,0.66,1.55,31.07,0,0,0,0,N/A
24/02/2025,Google Search,Search Top,1707,117,6.89,2.03,237.74,6,730.62,3.07,39.62,Branded
24/02/2025,Google Search,Search Other,897,61,6.86,2.12,129.22,1,119.73,0.93,129.22,Non-Branded
24/02/2025,Google Search,Shopping,710,49,6.9,2.12,103.78,2,243.62,2.35,51.89,Branded
24/02/2025,Google Search,Display Network,390,19,5.01,2.79,52.98,0,0,0,0,Branded
24/02/2025,Meta Ads,Facebook Feed,4221,87,2.07,1.92,167,2,195.06,1.17,83.5,N/A
24/02/2025,Meta Ads,Instagram Feed,3744,70,1.88,2.23,155.81,2,198.44,1.27,77.91,N/A
24/02/2025,Meta Ads,Instagram Stories,3710,82,2.23,1.71,140.47,2,195.74,1.39,70.23,N/A
24/02/2025,Meta Ads,Reels,2032,44,2.18,1.93,85,1,98.7,1.16,85,N/A
24/02/2025,TikTok Ads,In-Feed,11714,119,1.02,1.03,123.01,1,67.92,0.55,123.01,N/A
24/02/2025,TikTok Ads,TopView,5987,73,1.23,0.78,57.08,0,0,0,0,N/A
24/02/2025,TikTok Ads,Spark Ads,10101,100,0.99,0.94,93.86,1,70.56,0.75,93.86,N/A
24/02/2025,TikTok Ads,Brand Takeover,3228,23,0.73,1.36,31.33,0,0,0,0,N/A
25/02/2025,Google Search,Search Top,1664,111,6.68,2.18,241.43,2,239.98,0.99,120.72,Non-Branded
25/02/2025,Google Search,Search Other,844,61,7.24,2.01,122.42,3,355.89,2.91,40.81,Branded
25/02/2025,Google Search,Shopping,645,43,6.75,2.19,94.27,2,236.94,2.51,47.13,Branded
25/02/2025,Google Search,Display Network,332,15,4.81,3.2,48.03,0,0,0,0,Non-Branded
25/02/2025,Meta Ads,Facebook Feed,4149,74,1.81,2.08,154.27,2,201.62,1.31,77.14,N/A
25/02/2025,Meta Ads,Instagram Feed,3781,73,1.95,2.15,157.15,2,194.76,1.24,78.58,N/A
25/02/2025,Meta Ads,Instagram Stories,2985,66,2.24,1.95,128.75,2,198.86,1.54,64.38,N/A
25/02/2025,Meta Ads,Reels,1766,32,1.85,2.32,74.11,0,0,0,0,N/A
25/02/2025,TikTok Ads,In-Feed,12730,120,0.95,1.09,130.72,1,72,0.55,130.72,N/A
25/02/2025,TikTok Ads,TopView,5848,72,1.24,0.84,60.27,0,0,0,0,N/A
25/02/2025,TikTok Ads,Spark Ads,9751,98,1.01,0.98,95.6,1,70.47,0.74,95.6,N/A
25/02/2025,TikTok Ads,Brand Takeover,2906,20,0.7,1.48,29.7,0,0,0,0,N/A
26/02/2025,Google Search,Search Top,1604,117,7.3,2.02,235.88,6,717.42,3.04,39.31,Branded
26/02/2025,Google Search,Search Other,915,67,7.33,1.85,124.22,3,354.12,2.85,41.41,Branded
26/02/2025,Google Search,Shopping,675,48,7.18,1.97,94.53,2,237,2.51,47.27,Branded
26/02/2025,Google Search,Display Network,326,15,4.87,3.08,46.27,0,0,0,0,Non-Branded
26/02/2025,Meta Ads,Facebook Feed,4175,79,1.9,2.1,165.93,2,200.82,1.21,82.97,N/A
26/02/2025,Meta Ads,Instagram Feed,3861,78,2.02,1.94,151.28,2,199.32,1.32,75.64,N/A
26/02/2025,Meta Ads,Instagram Stories,3781,94,2.5,1.5,141.32,3,308.55,2.18,47.11,N/A
26/02/2025,Meta Ads,Reels,1895,36,1.91,2.24,80.56,1,98.14,1.22,80.56,N/A
26/02/2025,TikTok Ads,In-Feed,10528,106,1.01,1.03,109.29,1,71.93,0.66,109.29,N/A
26/02/2025,TikTok Ads,TopView,5999,76,1.27,0.76,57.65,0,0,0,0,N/A
26/02/2025,TikTok Ads,Spark Ads,9631,87,0.91,1.07,93.43,1,71.24,0.76,93.43,N/A
26/02/2025,TikTok Ads,Brand Takeover,3040,22,0.73,1.31,28.92,0,0,0,0,N/A
27/02/2025,Google Search,Search Top,1668,117,7.04,2,234.56,5,600.9,2.56,46.91,Branded
27/02/2025,Google Search,Search Other,825,58,7.13,2.01,116.73,1,121.65,1.04,116.73,Non-Branded
27/02/2025,Google Search,Shopping,801,53,6.66,2.03,107.46,2,238.26,2.22,53.73,Branded
27/02/2025,Google Search,Display Network,338,16,5.01,2.93,46.86,0,0,0,0,Branded
27/02/2025,Meta Ads,Facebook Feed,3713,80,2.18,1.96,156.94,2,205.2,1.31,78.47,N/A
27/02/2025,Meta Ads,Instagram Feed,4443,83,1.87,2.06,170.85,2,198.46,1.16,85.42,N/A
27/02/2025,Meta Ads,Instagram Stories,3552,93,2.63,1.45,134.64,3,303.66,2.26,44.88,N/A
27/02/2025,Meta Ads,Reels,1972,42,2.14,1.91,80.28,1,102.98,1.28,80.28,N/A
27/02/2025,TikTok Ads,In-Feed,10615,101,0.96,1.13,114.14,1,70.47,0.62,114.14,N/A
27/02/2025,TikTok Ads,TopView,5613,63,1.13,0.93,58.28,0,0,0,0,N/A
27/02/2025,TikTok Ads,Spark Ads,10243,108,1.06,0.9,97.16,1,70.87,0.73,97.16,N/A
27/02/2025,TikTok Ads,Brand Takeover,2849,19,0.68,1.43,27.13,0,0,0,0,N/A
28/02/2025,Google Search,Search Top,1756,116,6.62,2.07,240.11,6,714.96,2.98,40.02,Branded
28/02/2025,Google Search,Search Other,976,65,6.76,2.07,134.51,1,119.22,0.89,134.51,Non-Branded
28/02/2025,Google Search,Shopping,766,55,7.27,1.89,104.08,2,242.42,2.33,52.04,Branded
28/02/2025,Google Search,Display Network,346,17,5.03,2.84,48.32,0,0,0,0,Branded
28/02/2025,Meta Ads,Facebook Feed,4130,76,1.86,2.06,156.65,2,197.46,1.26,78.33,N/A
28/02/2025,Meta Ads,Instagram Feed,4191,91,2.19,1.72,156.1,2,199.24,1.28,78.05,N/A
28/02/2025,Meta Ads,Instagram Stories,3307,83,2.51,1.58,131.4,2,197.5,1.5,65.7,N/A
28/02/2025,Meta Ads,Reels,1928,41,2.15,1.88,76.89,1,102.43,1.33,76.89,N/A
28/02/2025,TikTok Ads,In-Feed,13714,133,0.97,0.98,130.42,1,72.01,0.55,130.42,N/A
28/02/2025,TikTok Ads,TopView,6037,67,1.12,0.93,62.06,0,0,0,0,N/A
28/02/2025,TikTok Ads,Spark Ads,10214,108,1.06,0.88,95.34,1,71.79,0.75,95.34,N/A
28/02/2025,TikTok Ads,Brand Takeover,3120,23,0.75,1.42,32.75,0,0,0,0,N/A
01/03/2025,Google Search,Search Top,1671,122,7.31,1.92,234.09,3,360.3,1.54,78.03,Non-Branded
01/03/2025,Google Search,Search Other,884,60,6.8,2.15,128.9,3,366,2.84,42.97,Branded
01/03/2025,Google Search,Shopping,747,49,6.67,2.19,107.49,2,238.52,2.22,53.74,Branded
01/03/2025,Google Search,Display Network,346,16,4.8,3.09,49.5,0,0,0,0,Non-Branded
01/03/2025,Meta Ads,Facebook Feed,4498,90,2.02,1.88,169.61,2,205.84,1.21,84.81,N/A
01/03/2025,Meta Ads,Instagram Feed,4110,89,2.18,1.77,157.81,3,305.52,1.94,52.6,N/A
01/03/2025,Meta Ads,Instagram Stories,3285,79,2.43,1.72,135.5,3,294.84,2.18,45.17,N/A
01/03/2025,Meta Ads,Reels,2015,36,1.81,2.26,81.48,1,98.44,1.21,81.48,N/A
01/03/2025,TikTok Ads,In-Feed,12778,129,1.01,0.95,122.87,1,68.87,0.56,122.87,N/A
01/03/2025,TikTok Ads,TopView,5818,65,1.12,0.87,56.63,0,0,0,0,N/A
01/03/2025,TikTok Ads,Spark Ads,8133,89,1.1,0.92,81.53,1,68.35,0.84,81.53,N/A
01/03/2025,TikTok Ads,Brand Takeover,3324,24,0.73,1.35,32.48,0,0,0,0,N/A
02/03/2025,Google Search,Search Top,1654,121,7.35,1.94,235.18,6,710.52,3.02,39.2,Branded
02/03/2025,Google Search,Search Other,875,57,6.62,2.17,123.65,3,365.79,2.96,41.22,Branded
02/03/2025,Google Search,Shopping,650,43,6.71,2.15,92.56,2,238.24,2.57,46.28,Branded
02/03/2025,Google Search,Display Network,359,18,5.03,2.83,50.93,0,0,0,0,Non-Branded
02/03/2025,Meta Ads,Facebook Feed,3647,70,1.93,2.13,149.1,2,194.62,1.31,74.55,N/A
02/03/2025,Meta Ads,Instagram Feed,3910,77,1.99,2.14,164.75,2,202.68,1.23,82.38,N/A
02/03/2025,Meta Ads,Instagram Stories,3347,84,2.52,1.61,134.95,3,305.49,2.26,44.98,N/A
02/03/2025,Meta Ads,Reels,1840,34,1.88,2.23,75.91,1,98.31,1.3,75.91,N/A
02/03/2025,TikTok Ads,In-Feed,10306,109,1.06,1,108.49,1,68.52,0.63,108.49,N/A
02/03/2025,TikTok Ads,TopView,6547,85,1.3,0.71,60.75,0,0,0,0,N/A
02/03/2025,TikTok Ads,Spark Ads,8806,88,1,1.03,90.86,1,67.65,0.74,90.86,N/A
02/03/2025,TikTok Ads,Brand Takeover,3195,22,0.71,1.4,30.73,0,0,0,0,N/A
03/03/2025,Google Search,Search Top,1641,116,7.07,1.91,221.17,6,720.6,3.26,36.86,Branded
03/03/2025,Google Search,Search Other,958,67,7.08,1.96,131.35,1,119.92,0.91,131.35,Non-Branded
03/03/2025,Google Search,Shopping,716,51,7.23,1.97,100.65,2,241.96,2.4,50.33,Branded
03/03/2025,Google Search,Display Network,359,16,4.66,3.07,49.1,0,0,0,0,Branded
03/03/2025,Meta Ads,Facebook Feed,4058,76,1.88,2,151.63,2,201.9,1.33,75.81,N/A
03/03/2025,Meta Ads,Instagram Feed,3799,78,2.06,2.04,159.5,2,204.1,1.28,79.75,N/A
03/03/2025,Meta Ads,Instagram Stories,3130,71,2.27,1.8,128.08,2,204.16,1.59,64.04,N/A
03/03/2025,Meta Ads,Reels,1874,37,2.02,2.02,74.79,1,102.44,1.37,74.79,N/A
03/03/2025,TikTok Ads,In-Feed,13108,124,0.95,1.05,129.72,1,70.4,0.54,129.72,N/A
03/03/2025,TikTok Ads,TopView,5817,67,1.16,0.9,60.36,0,0,0,0,N/A
03/03/2025,TikTok Ads,Spark Ads,9199,99,1.08,0.96,94.86,1,72,0.76,94.86,N/A
03/03/2025,TikTok Ads,Brand Takeover,2830,18,0.66,1.66,29.82,0,0,0,0,N/A
04/03/2025,Google Search,Search Top,1768,122,6.94,1.97,240.46,3,355.14,1.48,80.15,Non-Branded
04/03/2025,Google Search,Search Other,800,54,6.78,2.17,117.03,2,238.3,2.04,58.52,Branded
04/03/2025,Google Search,Shopping,678,46,6.92,2.11,96.89,2,237.82,2.45,48.45,Branded
04/03/2025,Google Search,Display Network,330,15,4.66,3.13,46.94,0,0,0,0,Non-Branded
04/03/2025,Meta Ads,Facebook Feed,3638,72,2,2.07,148.82,2,204.64,1.38,74.41,N/A
04/03/2025,Meta Ads,Instagram Feed,3808,82,2.18,1.82,149.35,2,202.66,1.36,74.67,N/A
04/03/2025,Meta Ads,Instagram Stories,3381,84,2.51,1.69,142.3,2,198.78,1.4,71.15,N/A
04/03/2025,Meta Ads,Reels,2079,43,2.08,1.84,79.01,1,99.39,1.26,79.01,N/A
04/03/2025,TikTok Ads,In-Feed,12386,134,1.09,0.97,129.82,1,68.88,0.53,129.82,N/A
04/03/2025,TikTok Ads,TopView,5526,66,1.19,0.88,57.93,0,0,0,0,N/A
04/03/2025,TikTok Ads,Spark Ads,8317,90,1.08,0.92,82.56,1,72.62,0.88,82.56,N/A
04/03/2025,TikTok Ads,Brand Takeover,3039,20,0.69,1.44,28.74,0,0,0,0,N/A
05/03/2025,Google Search,Search Top,1514,105,6.97,2.09,219.51,6,723.9,3.3,36.59,Branded
05/03/2025,Google Search,Search Other,893,62,6.98,2.08,129.21,3,365.55,2.83,43.07,Branded
05/03/2025,Google Search,Shopping,754,55,7.33,1.93,105.9,1,118.45,1.12,105.9,Non-Branded
05/03/2025,Google Search,Display Network,391,18,4.75,2.96,53.36,0,0,0,0,Non-Branded
05/03/2025,Meta Ads,Facebook Feed,3890,78,2.03,1.97,153.92,2,196.46,1.28,76.96,N/A
05/03/2025,Meta Ads,Instagram Feed,4185,90,2.15,1.74,157.03,2,197.7,1.26,78.52,N/A
05/03/2025,Meta Ads,Instagram Stories,3613,86,2.38,1.57,135.17,2,205.12,1.52,67.58,N/A
05/03/2025,Meta Ads,Reels,1816,36,2.01,2.06,74.27,1,102.85,1.38,74.27,N/A
05/03/2025,TikTok Ads,In-Feed,10666,102,0.97,1.08,110.6,1,70.09,0.63,110.6,N/A
05/03/2025,TikTok Ads,TopView,5286,64,1.21,0.89,56.99,0,0,0,0,N/A
05/03/2025,TikTok Ads,Spark Ads,9988,93,0.94,1.02,95.32,1,72.19,0.76,95.32,N/A
05/03/2025,TikTok Ads,Brand Takeover,3204,23,0.73,1.36,31.23,0,0,0,0,N/A
06/03/2025,Google Search,Search Top,1693,115,6.82,1.98,227.26,6,726.54,3.2,37.88,Branded
06/03/2025,Google Search,Search Other,891,61,6.87,2.14,130.46,2,241.58,1.85,65.23,Branded
06/03/2025,Google Search,Shopping,720,49,6.88,1.99,97.61,2,241.12,2.47,48.8,Branded
06/03/2025,Google Search,Display Network,374,17,4.69,3.14,53.45,0,0,0,0,Non-Branded
06/03/2025,Meta Ads,Facebook Feed,4111,84,2.05,2.01,169.23,2,194.34,1.15,84.61,N/A
06/03/2025,Meta Ads,Instagram Feed,3952,75,1.91,2.05,153.91,2,201.72,1.31,76.95,N/A
06/03/2025,Meta Ads,Instagram Stories,3396,81,2.39,1.69,136.57,2,196.34,1.44,68.28,N/A
06/03/2025,Meta Ads,Reels,2037,44,2.19,1.92,84.65,1,102.96,1.22,84.65,N/A
06/03/2025,TikTok Ads,In-Feed,12759,124,0.98,0.95,118.39,1,68.64,0.58,118.39,N/A
06/03/2025,TikTok Ads,TopView,5733,63,1.1,0.86,54.25,0,0,0,0,N/A
06/03/2025,TikTok Ads,Spark Ads,7916,76,0.96,1.08,81.99,0,0,0,0,N/A
06/03/2025,TikTok Ads,Brand Takeover,2989,20,0.69,1.57,31.47,0,0,0,0,N/A
07/03/2025,Google Search,Search Top,1620,115,7.13,2.01,231.69,2,241.64,1.04,115.84,Non-Branded
07/03/2025,Google Search,Search Other,827,58,7.11,2.01,116.32,1,120.08,1.03,116.32,Non-Branded
07/03/2025,Google Search,Shopping,692,50,7.26,1.87,93.34,2,242.9,2.6,46.67,Branded
07/03/2025,Google Search,Display Network,335,15,4.68,3.21,48.1,0,0,0,0,Branded
07/03/2025,Meta Ads,Facebook Feed,3797,70,1.87,2.35,164.29,2,199.94,1.22,82.14,N/A
07/03/2025,Meta Ads,Instagram Feed,3916,84,2.16,1.94,163.04,2,198.22,1.22,81.52,N/A
07/03/2025,Meta Ads,Instagram Stories,3547,76,2.17,1.86,141.61,2,195.52,1.38,70.81,N/A
07/03/2025,Meta Ads,Reels,1944,36,1.9,2.19,78.7,1,98.9,1.26,78.7,N/A
07/03/2025,TikTok Ads,In-Feed,12371,132,1.07,0.97,127.53,1,71.66,0.56,127.53,N/A
07/03/2025,TikTok Ads,TopView,5349,68,1.28,0.83,56.72,0,0,0,0,N/A
07/03/2025,TikTok Ads,Spark Ads,7968,84,1.06,1.02,86.04,0,0,0,0,N/A
07/03/2025,TikTok Ads,Brand Takeover,2793,18,0.68,1.64,29.51,0,0,0,0,N/A
08/03/2025,Google Search,Search Top,1547,110,7.14,1.89,208.44,3,361.23,1.73,69.48,Non-Branded
08/03/2025,Google Search,Search Other,919,61,6.72,2.08,126.88,1,121.22,0.96,126.88,Non-Branded
08/03/2025,Google Search,Shopping,757,49,6.6,2.14,104.84,1,119.77,1.14,104.84,Non-Branded
08/03/2025,Google Search,Display Network,383,18,4.82,2.94,52.9,0,0,0,0,Non-Branded
08/03/2025,Meta Ads,Facebook Feed,3807,71,1.89,2.28,161.53,2,199.12,1.23,80.77,N/A
08/03/2025,Meta Ads,Instagram Feed,4168,87,2.09,1.88,163.92,2,198.38,1.21,81.96,N/A
08/03/2025,Meta Ads,Instagram Stories,3215,71,2.23,1.93,136.71,2,195.84,1.43,68.36,N/A
08/03/2025,Meta Ads,Reels,1822,37,2.04,2.05,75.73,1,101.83,1.34,75.73,N/A
08/03/2025,TikTok Ads,In-Feed,11731,124,1.06,0.96,119.41,1,67.21,0.56,119.41,N/A
08/03/2025,TikTok Ads,TopView,6104,76,1.25,0.85,64.73,0,0,0,0,N/A
08/03/2025,TikTok Ads,Spark Ads,8194,76,0.94,1.14,86.83,0,0,0,0,N/A
08/03/2025,TikTok Ads,Brand Takeover,2924,20,0.7,1.37,27.34,0,0,0,0,N/A
09/03/2025,Google Search,Search Top,1454,97,6.68,2.15,208.65,2,236.44,1.13,104.33,Non-Branded
09/03/2025,Google Search,Search Other,887,61,6.98,2.08,126.91,3,359.4,2.83,42.3,Branded
09/03/2025,Google Search,Shopping,694,48,6.97,2.02,96.81,1,119.19,1.23,96.81,Non-Branded
09/03/2025,Google Search,Display Network,359,17,4.79,2.91,49.52,0,0,0,0,Branded
09/03/2025,Meta Ads,Facebook Feed,3746,72,1.93,2.08,149.53,2,204.16,1.37,74.77,N/A
09/03/2025,Meta Ads,Instagram Feed,3575,66,1.87,2.34,154.71,2,197.32,1.28,77.36,N/A
09/03/2025,Meta Ads,Instagram Stories,2998,71,2.39,1.76,125.05,2,202.66,1.62,62.52,N/A
09/03/2025,Meta Ads,Reels,1984,38,1.95,1.98,75.41,1,102.83,1.36,75.41,N/A
09/03/2025,TikTok Ads,In-Feed,12942,139,1.08,0.95,131.98,1,68.9,0.52,131.98,N/A
09/03/2025,TikTok Ads,TopView,6716,79,1.18,0.83,65.9,1,72.34,1.1,65.9,N/A
09/03/2025,TikTok Ads,Spark Ads,8476,92,1.09,0.9,82.63,1,69.38,0.84,82.63,N/A
09/03/2025,TikTok Ads,Brand Takeover,2841,19,0.69,1.51,28.78,0,0,0,0,N/A
10/03/2025,Google Search,Search Top,1711,124,7.25,1.93,239.04,3,354.09,1.48,79.68,Non-Branded
10/03/2025,Google Search,Search Other,885,62,7.02,2.1,129.93,1,119.05,0.92,129.93,Non-Branded
10/03/2025,Google Search,Shopping,742,53,7.16,1.92,101.89,2,242.14,2.38,50.95,Branded
10/03/2025,Google Search,Display Network,393,20,5.11,2.68,53.53,0,0,0,0,Branded
10/03/2025,Meta Ads,Facebook Feed,3472,67,1.95,2.22,148.7,2,195.9,1.32,74.35,N/A
10/03/2025,Meta Ads,Instagram Feed,3928,81,2.06,2.03,164.2,2,198.46,1.21,82.1,N/A
10/03/2025,Meta Ads,Instagram Stories,3291,72,2.2,1.79,128.88,2,196.18,1.52,64.44,N/A
10/03/2025,Meta Ads,Reels,1920,39,2.03,1.99,77.54,1,101.74,1.31,77.54,N/A
10/03/2025,TikTok Ads,In-Feed,11147,120,1.08,0.98,117.66,1,70.18,0.6,117.66,N/A
10/03/2025,TikTok Ads,TopView,6500,82,1.27,0.79,64.93,0,0,0,0,N/A
10/03/2025,TikTok Ads,Spark Ads,9627,94,0.98,1.03,97.18,1,72.4,0.75,97.18,N/A
10/03/2025,TikTok Ads,Brand Takeover,2886,20,0.72,1.36,27.23,0,0,0,0,N/A
11/03/2025,Google Search,Search Top,1734,122,7.06,1.95,238.18,6,722.7,3.03,39.7,Branded
11/03/2025,Google Search,Search Other,888,63,7.18,1.89,119,2,242.74,2.04,59.5,Branded
11/03/2025,Google Search,Shopping,741,53,7.29,1.95,103.41,2,237.8,2.3,51.7,Branded
11/03/2025,Google Search,Display Network,351,16,4.63,3,48.06,0,0,0,0,Non-Branded
11/03/2025,Meta Ads,Facebook Feed,4388,91,2.1,1.88,170.71,2,199.32,1.17,85.36,N/A
11/03/2025,Meta Ads,Instagram Feed,3465,69,2.01,2.17,150.04,2,195.3,1.3,75.02,N/A
11/03/2025,Meta Ads,Instagram Stories,3619,89,2.47,1.53,135.84,3,304.95,2.24,45.28,N/A
11/03/2025,Meta Ads,Reels,1992,41,2.07,1.85,75.76,1,101.63,1.34,75.76,N/A
11/03/2025,TikTok Ads,In-Feed,11906,120,1.01,0.98,117.52,1,68.67,0.58,117.52,N/A
11/03/2025,TikTok Ads,TopView,5216,65,1.26,0.86,55.58,0,0,0,0,N/A
11/03/2025,TikTok Ads,Spark Ads,9318,90,0.97,1.01,90.6,1,72.51,0.8,90.6,N/A
11/03/2025,TikTok Ads,Brand Takeover,3298,24,0.73,1.35,32.38,0,0,0,0,N/A
12/03/2025,Google Search,Search Top,1639,119,7.32,1.9,226.39,3,364.71,1.61,75.46,Non-Branded
12/03/2025,Google Search,Search Other,976,70,7.19,1.88,131.44,3,356.28,2.71,43.81,Branded
12/03/2025,Google Search,Shopping,765,54,7.07,1.99,107.28,1,118.26,1.1,107.28,Non-Branded
12/03/2025,Google Search,Display Network,368,18,5.06,2.93,52.66,0,0,0,0,Branded
12/03/2025,Meta Ads,Facebook Feed,4116,79,1.93,2.15,169.46,2,203.16,1.2,84.73,N/A
12/03/2025,Meta Ads,Instagram Feed,4152,84,2.04,1.92,161.48,2,204.22,1.26,80.74,N/A
12/03/2025,Meta Ads,Instagram Stories,3359,76,2.29,1.67,127.21,2,204.44,1.61,63.6,N/A
12/03/2025,Meta Ads,Reels,2261,46,2.07,1.84,84.67,1,100.58,1.19,84.67,N/A
12/03/2025,TikTok Ads,In-Feed,11762,106,0.9,1.05,111.37,0,0,0,0,N/A
12/03/2025,TikTok Ads,TopView,6755,73,1.09,0.87,63.67,0,0,0,0,N/A
12/03/2025,TikTok Ads,Spark Ads,8860,87,0.99,0.97,84,1,69.39,0.83,84,N/A
12/03/2025,TikTok Ads,Brand Takeover,2867,19,0.68,1.51,28.65,0,0,0,0,N/A
13/03/2025,Google Search,Search Top,1507,110,7.34,1.95,214.48,6,726,3.38,35.75,Branded
13/03/2025,Google Search,Search Other,822,60,7.33,1.94,116.6,1,119.49,1.02,116.6,Non-Branded
13/03/2025,Google Search,Shopping,722,51,7.14,1.93,98.19,1,119.76,1.22,98.19,Non-Branded
13/03/2025,Google Search,Display Network,326,15,4.89,3.16,47.42,0,0,0,0,Branded
13/03/2025,Meta Ads,Facebook Feed,4138,74,1.8,2.09,154.34,2,201.92,1.31,77.17,N/A
13/03/2025,Meta Ads,Instagram Feed,3899,72,1.86,2.23,160.86,2,201.74,1.25,80.43,N/A
13/03/2025,Meta Ads,Instagram Stories,3070,78,2.55,1.6,124.44,2,198.46,1.59,62.22,N/A
13/03/2025,Meta Ads,Reels,1953,37,1.9,2.18,80.61,1,99.19,1.23,80.61,N/A
13/03/2025,TikTok Ads,In-Feed,11178,120,1.08,0.97,116.63,1,67.98,0.58,116.63,N/A
13/03/2025,TikTok Ads,TopView,5760,67,1.16,0.85,57.16,0,0,0,0,N/A
13/03/2025,TikTok Ads,Spark Ads,8907,91,1.02,1,90.57,1,70.67,0.78,90.57,N/A
13/03/2025,TikTok Ads,Brand Takeover,3389,23,0.68,1.37,31.44,0,0,0,0,N/A
14/03/2025,Google Search,Search Top,1560,107,6.89,2.07,221.93,5,602.55,2.72,44.39,Branded
14/03/2025,Google Search,Search Other,932,68,7.3,1.89,128.85,3,358.77,2.78,42.95,Branded
14/03/2025,Google Search,Shopping,759,55,7.29,1.89,104.22,2,242.08,2.32,52.11,Branded
14/03/2025,Google Search,Display Network,323,15,4.92,3.08,46.21,0,0,0,0,Non-Branded
14/03/2025,Meta Ads,Facebook Feed,4318,82,1.91,2.04,167.12,2,196.88,1.18,83.56,N/A
14/03/2025,Meta Ads,Instagram Feed,3652,72,1.97,2.16,155.26,2,203.92,1.31,77.63,N/A
14/03/2025,Meta Ads,Instagram Stories,3615,82,2.28,1.64,134.5,2,199,1.48,67.25,N/A
14/03/2025,Meta Ads,Reels,1913,41,2.19,2.02,82.9,1,97.81,1.18,82.9,N/A
14/03/2025,TikTok Ads,In-Feed,12400,114,0.92,1.03,117.25,1,72.4,0.62,117.25,N/A
14/03/2025,TikTok Ads,TopView,6172,76,1.24,0.8,60.6,0,0,0,0,N/A
14/03/2025,TikTok Ads,Spark Ads,8740,79,0.91,1.14,89.98,0,0,0,0,N/A
14/03/2025,TikTok Ads,Brand Takeover,3188,22,0.69,1.46,32.11,0,0,0,0,N/A
15/03/2025,Google Search,Search Top,1627,114,7.02,1.93,219.55,4,477.76,2.18,54.89,Non-Branded
15/03/2025,Google Search,Search Other,929,62,6.71,2,124.31,3,365.16,2.94,41.44,Branded
15/03/2025,Google Search,Shopping,690,49,7.15,1.88,92.2,1,121.38,1.32,92.2,Non-Branded
15/03/2025,Google Search,Display Network,333,16,5.09,3.05,48.87,0,0,0,0,Branded
15/03/2025,Meta Ads,Facebook Feed,3484,74,2.13,1.99,147.49,2,199.22,1.35,73.75,N/A
15/03/2025,Meta Ads,Instagram Feed,3771,75,1.99,2.09,156.51,2,199.84,1.28,78.25,N/A
15/03/2025,Meta Ads,Instagram Stories,3269,74,2.29,1.78,131.57,2,201.82,1.53,65.78,N/A
15/03/2025,Meta Ads,Reels,2004,41,2.05,1.91,78.17,1,98.25,1.26,78.17,N/A
15/03/2025,TikTok Ads,In-Feed,11870,114,0.96,1.09,124.25,1,70.72,0.57,124.25,N/A
15/03/2025,TikTok Ads,TopView,5196,56,1.09,0.99,55.58,0,0,0,0,N/A
15/03/2025,TikTok Ads,Spark Ads,9173,87,0.95,1.04,90.29,0,0,0,0,N/A
15/03/2025,TikTok Ads,Brand Takeover,3133,20,0.67,1.58,31.56,0,0,0,0,N/A
16/03/2025,Google Search,Search Top,1708,122,7.19,1.99,242.25,7,848.05,3.5,34.61,Branded
16/03/2025,Google Search,Search Other,889,63,7.18,1.92,120.95,3,354.03,2.93,40.32,Branded
16/03/2025,Google Search,Shopping,660,44,6.81,2.19,96.35,2,239.98,2.49,48.17,Branded
16/03/2025,Google Search,Display Network,378,17,4.74,2.97,50.54,0,0,0,0,Non-Branded
16/03/2025,Meta Ads,Facebook Feed,4138,75,1.83,2.11,158.57,2,200.38,1.26,79.28,N/A
16/03/2025,Meta Ads,Instagram Feed,3940,84,2.15,1.97,165.23,2,202.26,1.22,82.61,N/A
16/03/2025,Meta Ads,Instagram Stories,3643,95,2.63,1.42,135.36,3,299.19,2.21,45.12,N/A
16/03/2025,Meta Ads,Reels,1989,42,2.13,1.92,80.72,1,99.84,1.24,80.72,N/A
16/03/2025,TikTok Ads,In-Feed,13463,128,0.95,1.02,131.16,1,68.62,0.52,131.16,N/A
16/03/2025,TikTok Ads,TopView,6761,77,1.15,0.85,65.31,0,0,0,0,N/A
16/03/2025,TikTok Ads,Spark Ads,9715,100,1.04,0.98,98.16,1,69.39,0.71,98.16,N/A
16/03/2025,TikTok Ads,Brand Takeover,2803,20,0.72,1.39,27.82,0,0,0,0,N/A
17/03/2025,Google Search,Search Top,1532,106,6.95,2.11,223.88,3,362.22,1.62,74.63,Non-Branded
17/03/2025,Google Search,Search Other,962,64,6.67,2.02,129.17,3,354.81,2.75,43.06,Branded
17/03/2025,Google Search,Shopping,693,50,7.34,1.93,96.45,1,120.3,1.25,96.45,Non-Branded
17/03/2025,Google Search,Display Network,340,16,4.76,2.98,47.66,0,0,0,0,Branded
17/03/2025,Meta Ads,Facebook Feed,4347,84,1.95,1.96,164.99,2,194.1,1.18,82.5,N/A
17/03/2025,Meta Ads,Instagram Feed,4073,80,1.97,2.06,164.53,2,199.7,1.21,82.27,N/A
17/03/2025,Meta Ads,Instagram Stories,3280,73,2.25,1.92,140.24,2,196.68,1.4,70.12,N/A
17/03/2025,Meta Ads,Reels,2075,39,1.88,2.08,81.2,1,101.11,1.25,81.2,N/A
17/03/2025,TikTok Ads,In-Feed,12262,130,1.06,0.99,128.09,1,71.39,0.56,128.09,N/A
17/03/2025,TikTok Ads,TopView,6365,70,1.1,0.88,61.41,0,0,0,0,N/A
17/03/2025,TikTok Ads,Spark Ads,8637,92,1.07,1,92.45,1,72.65,0.79,92.45,N/A
17/03/2025,TikTok Ads,Brand Takeover,2934,19,0.67,1.65,31.29,0,0,0,0,N/A
18/03/2025,Google Search,Search Top,1442,102,7.12,2.04,207.57,6,727.32,3.5,34.59,Branded
18/03/2025,Google Search,Search Other,968,65,6.72,2.01,130.42,3,365.58,2.8,43.47,Branded
18/03/2025,Google Search,Shopping,767,53,7.02,1.97,104.39,2,242.96,2.33,52.2,Branded
18/03/2025,Google Search,Display Network,347,16,4.88,3.13,50.1,0,0,0,0,Non-Branded
18/03/2025,Meta Ads,Facebook Feed,3931,85,2.17,1.97,167.66,2,200.72,1.2,83.83,N/A
18/03/2025,Meta Ads,Instagram Feed,3557,66,1.86,2.24,148.17,1,97.01,0.65,148.17,N/A
18/03/2025,Meta Ads,Instagram Stories,3251,77,2.39,1.73,133.27,2,201.18,1.51,66.64,N/A
18/03/2025,Meta Ads,Reels,2143,40,1.87,2.04,81.45,1,101.3,1.24,81.45,N/A
18/03/2025,TikTok Ads,In-Feed,11712,127,1.09,0.9,113.98,1,70.98,0.62,113.98,N/A
18/03/2025,TikTok Ads,TopView,5407,59,1.1,0.96,56.73,0,0,0,0,N/A
18/03/2025,TikTok Ads,Spark Ads,8542,82,0.97,1.09,89.32,0,0,0,0,N/A
18/03/2025,TikTok Ads,Brand Takeover,3369,24,0.71,1.36,32.67,0,0,0,0,N/A
19/03/2025,Google Search,Search Top,1634,120,7.39,1.89,226.27,3,358.23,1.58,75.42,Non-Branded
19/03/2025,Google Search,Search Other,878,62,7.09,2,123.81,1,121.4,0.98,123.81,Non-Branded
19/03/2025,Google Search,Shopping,786,55,7.04,1.94,106.45,1,121.33,1.14,106.45,Non-Branded
19/03/2025,Google Search,Display Network,345,16,4.84,3.01,48.16,0,0,0,0,Branded
19/03/2025,Meta Ads,Facebook Feed,3759,67,1.8,2.4,160.93,1,100.93,0.63,160.93,N/A
19/03/2025,Meta Ads,Instagram Feed,3701,68,1.86,2.36,160.73,1,97.67,0.61,160.73,N/A
19/03/2025,Meta Ads,Instagram Stories,3295,85,2.61,1.55,131.93,3,302.22,2.29,43.98,N/A
19/03/2025,Meta Ads,Reels,1867,36,1.97,2.15,77.36,1,102.57,1.33,77.36,N/A
19/03/2025,TikTok Ads,In-Feed,11071,101,0.92,1.15,116.58,0,0,0,0,N/A
19/03/2025,TikTok Ads,TopView,5506,68,1.25,0.85,57.83,0,0,0,0,N/A
19/03/2025,TikTok Ads,Spark Ads,9174,98,1.07,1,98.49,1,69.25,0.7,98.49,N/A
19/03/2025,TikTok Ads,Brand Takeover,2791,21,0.77,1.4,29.36,0,0,0,0,N/A
20/03/2025,Google Search,Search Top,1669,120,7.23,1.93,232.1,6,728.22,3.14,38.68,Branded
20/03/2025,Google Search,Search Other,911,63,7,1.99,125.51,2,237.36,1.89,62.76,Branded
20/03/2025,Google Search,Shopping,672,46,6.9,2.15,98.67,1,118.96,1.21,98.67,Non-Branded
20/03/2025,Google Search,Display Network,374,17,4.8,3.05,51.83,0,0,0,0,Non-Branded
20/03/2025,Meta Ads,Facebook Feed,4287,88,2.06,1.93,169.68,2,198.82,1.17,84.84,N/A
20/03/2025,Meta Ads,Instagram Feed,4290,90,2.11,1.78,159.84,2,203.96,1.28,79.92,N/A
20/03/2025,Meta Ads,Instagram Stories,3322,72,2.18,1.87,134.72,2,199.22,1.48,67.36,N/A
20/03/2025,Meta Ads,Reels,1762,38,2.16,1.98,75.3,1,100.6,1.34,75.3,N/A
20/03/2025,TikTok Ads,In-Feed,12950,127,0.99,1.01,127.9,1,68.76,0.54,127.9,N/A
20/03/2025,TikTok Ads,TopView,6103,67,1.11,0.94,63.02,0,0,0,0,N/A
20/03/2025,TikTok Ads,Spark Ads,9301,96,1.04,1.03,98.61,1,72.1,0.73,98.61,N/A
20/03/2025,TikTok Ads,Brand Takeover,2841,19,0.68,1.54,29.23,0,0,0,0,N/A
21/03/2025,Google Search,Search Top,1532,112,7.36,1.95,218.39,6,715.98,3.28,36.4,Branded
21/03/2025,Google Search,Search Other,897,64,7.17,2.01,128.68,2,236.96,1.84,64.34,Non-Branded
21/03/2025,Google Search,Shopping,698,46,6.66,2.16,99.38,2,236.12,2.38,49.69,Branded
21/03/2025,Google Search,Display Network,329,15,4.63,3.15,47.31,0,0,0,0,Non-Branded
21/03/2025,Meta Ads,Facebook Feed,3769,72,1.93,2.18,156.86,2,197.08,1.26,78.43,N/A
21/03/2025,Meta Ads,Instagram Feed,3730,78,2.1,2.02,157.75,2,200.18,1.27,78.88,N/A
21/03/2025,Meta Ads,Instagram Stories,3118,69,2.24,1.91,131.57,2,202.78,1.54,65.78,N/A
21/03/2025,Meta Ads,Reels,2057,44,2.14,1.78,78.17,1,101.93,1.3,78.17,N/A
21/03/2025,TikTok Ads,In-Feed,12202,131,1.07,0.92,120.71,1,70.26,0.58,120.71,N/A
21/03/2025,TikTok Ads,TopView,5509,69,1.26,0.85,58.57,0,0,0,0,N/A
21/03/2025,TikTok Ads,Spark Ads,9005,97,1.09,0.86,83.46,1,70.12,0.84,83.46,N/A
21/03/2025,TikTok Ads,Brand Takeover,3012,20,0.67,1.52,30.34,0,0,0,0,N/A
22/03/2025,Google Search,Search Top,1747,123,7.1,1.94,238.28,4,483,2.03,59.57,Non-Branded
22/03/2025,Google Search,Search Other,944,64,6.86,2.04,130.81,1,119.15,0.91,130.81,Non-Branded
22/03/2025,Google Search,Shopping,651,44,6.77,2.18,95.83,1,119.16,1.24,95.83,Non-Branded
22/03/2025,Google Search,Display Network,370,18,5.08,2.88,51.79,0,0,0,0,Non-Branded
22/03/2025,Meta Ads,Facebook Feed,3637,76,2.11,1.96,148.66,2,198.04,1.33,74.33,N/A
22/03/2025,Meta Ads,Instagram Feed,3783,76,2.04,1.99,151.54,2,194.2,1.28,75.77,N/A
22/03/2025,Meta Ads,Instagram Stories,3096,79,2.57,1.68,132.92,2,197.7,1.49,66.46,N/A
22/03/2025,Meta Ads,Reels,1827,36,2.01,2.09,75.35,1,99.94,1.33,75.35,N/A
22/03/2025,TikTok Ads,In-Feed,11376,113,1,1,112.9,1,67.21,0.6,112.9,N/A
22/03/2025,TikTok Ads,TopView,5583,71,1.29,0.81,57.31,0,0,0,0,N/A
22/03/2025,TikTok Ads,Spark Ads,9141,89,0.97,1,89.07,1,68.98,0.77,89.07,N/A
22/03/2025,TikTok Ads,Brand Takeover,2804,20,0.73,1.41,28.25,0,0,0,0,N/A
23/03/2025,Google Search,Search Top,1678,118,7.06,1.97,232.07,6,729.78,3.14,38.68,Branded
23/03/2025,Google Search,Search Other,963,65,6.85,1.98,128.82,1,120.94,0.94,128.82,Non-Branded
23/03/2025,Google Search,Shopping,710,47,6.67,2.1,98.76,2,243.72,2.47,49.38,Branded
23/03/2025,Google Search,Display Network,398,18,4.66,2.96,53.31,0,0,0,0,Non-Branded
23/03/2025,Meta Ads,Facebook Feed,3918,79,2.04,2.13,167.91,2,196.96,1.17,83.95,N/A
23/03/2025,Meta Ads,Instagram Feed,4529,91,2.03,1.88,170.85,2,203,1.19,85.42,N/A
23/03/2025,Meta Ads,Instagram Stories,3250,74,2.29,1.84,136.27,2,199.2,1.46,68.14,N/A
23/03/2025,Meta Ads,Reels,1984,39,1.99,2.14,83.53,1,102.86,1.23,83.53,N/A
23/03/2025,TikTok Ads,In-Feed,12173,131,1.08,0.91,119.36,1,69.2,0.58,119.36,N/A
23/03/2025,TikTok Ads,TopView,5884,77,1.32,0.71,54.77,0,0,0,0,N/A
23/03/2025,TikTok Ads,Spark Ads,8331,80,0.97,1.08,86.33,1,71.13,0.82,86.33,N/A
23/03/2025,TikTok Ads,Brand Takeover,3456,22,0.66,1.48,32.53,0,0,0,0,N/A
24/03/2025,Google Search,Search Top,1689,121,7.17,1.91,231.16,3,354.09,1.53,77.05,Non-Branded
24/03/2025,Google Search,Search Other,918,62,6.84,2.05,127.39,1,120.87,0.95,127.39,Non-Branded
24/03/2025,Google Search,Shopping,716,49,6.9,1.96,95.86,1,120.96,1.26,95.86,Non-Branded
24/03/2025,Google Search,Display Network,348,16,4.66,3.09,49.48,0,0,0,0,Branded
24/03/2025,Meta Ads,Facebook Feed,4128,84,2.05,1.99,167.12,2,196.54,1.18,83.56,N/A
24/03/2025,Meta Ads,Instagram Feed,4059,88,2.19,1.8,158.44,2,194.8,1.23,79.22,N/A
24/03/2025,Meta Ads,Instagram Stories,3349,86,2.6,1.58,136,2,199.36,1.47,68,N/A
24/03/2025,Meta Ads,Reels,1961,35,1.82,2.31,80.72,1,102.86,1.27,80.72,N/A
24/03/2025,TikTok Ads,In-Feed,12081,124,1.03,1.05,129.96,1,67.49,0.52,129.96,N/A
24/03/2025,TikTok Ads,TopView,5704,67,1.19,0.91,60.91,0,0,0,0,N/A
24/03/2025,TikTok Ads,Spark Ads,9250,95,1.03,0.92,87.67,1,68.95,0.79,87.67,N/A
24/03/2025,TikTok Ads,Brand Takeover,2942,21,0.74,1.34,28.08,0,0,0,0,N/A
25/03/2025,Google Search,Search Top,1705,118,6.94,2.01,237.72,3,357.12,1.5,79.24,Non-Branded
25/03/2025,Google Search,Search Other,970,68,7.11,1.93,131.35,3,358.38,2.73,43.78,Branded
25/03/2025,Google Search,Shopping,688,49,7.24,1.91,93.7,1,120.15,1.28,93.7,Non-Branded
25/03/2025,Google Search,Display Network,345,17,5.14,2.97,50.55,0,0,0,0,Non-Branded
25/03/2025,Meta Ads,Facebook Feed,3555,66,1.87,2.34,154.49,1,100.37,0.65,154.49,N/A
25/03/2025,Meta Ads,Instagram Feed,4221,77,1.83,2.2,169.14,2,198.66,1.17,84.57,N/A
25/03/2025,Meta Ads,Instagram Stories,3238,78,2.43,1.59,124.31,2,203.46,1.64,62.16,N/A
25/03/2025,Meta Ads,Reels,2001,37,1.87,2.14,79.26,1,97.08,1.22,79.26,N/A
25/03/2025,TikTok Ads,In-Feed,13518,122,0.9,1.05,127.55,1,68.91,0.54,127.55,N/A
25/03/2025,TikTok Ads,TopView,5705,69,1.21,0.81,56.02,0,0,0,0,N/A
25/03/2025,TikTok Ads,Spark Ads,9837,96,0.98,0.97,93.34,1,68.31,0.73,93.34,N/A
25/03/2025,TikTok Ads,Brand Takeover,3042,20,0.69,1.47,29.32,0,0,0,0,N/A
26/03/2025,Google Search,Search Top,1567,105,6.72,2.09,219.57,6,717.9,3.27,36.59,Branded
26/03/2025,Google Search,Search Other,843,58,6.95,2.12,122.84,2,238.78,1.94,61.42,Non-Branded
26/03/2025,Google Search,Shopping,690,47,6.94,2.16,101.39,2,240.24,2.37,50.7,Branded
26/03/2025,Google Search,Display Network,373,18,4.94,2.8,50.48,0,0,0,0,Branded
26/03/2025,Meta Ads,Facebook Feed,4076,79,1.94,1.98,156.73,2,195.2,1.25,78.36,N/A
26/03/2025,Meta Ads,Instagram Feed,4329,91,2.11,1.81,164.77,2,201.14,1.22,82.39,N/A
26/03/2025,Meta Ads,Instagram Stories,3170,69,2.19,1.9,131.17,2,197.26,1.5,65.58,N/A
26/03/2025,Meta Ads,Reels,2166,40,1.86,2.1,84.08,1,101,1.2,84.08,N/A
26/03/2025,TikTok Ads,In-Feed,11563,115,1,1.08,123.81,1,71.01,0.57,123.81,N/A
26/03/2025,TikTok Ads,TopView,5604,63,1.14,0.86,54.18,0,0,0,0,N/A
26/03/2025,TikTok Ads,Spark Ads,8701,84,0.97,1.03,86.69,1,71.56,0.83,86.69,N/A
26/03/2025,TikTok Ads,Brand Takeover,2882,21,0.73,1.39,29.11,0,0,0,0,N/A
27/03/2025,Google Search,Search Top,1464,108,7.39,1.95,211.12,3,359.79,1.7,70.37,Non-Branded
27/03/2025,Google Search,Search Other,872,59,6.8,2.06,121.76,2,240.16,1.97,60.88,Branded
27/03/2025,Google Search,Shopping,735,50,6.92,1.97,98.71,2,243.66,2.47,49.35,Branded
27/03/2025,Google Search,Display Network,360,16,4.69,3.27,52.39,0,0,0,0,Branded
27/03/2025,Meta Ads,Facebook Feed,3512,67,1.93,2.24,150.11,1,98.82,0.66,150.11,N/A
27/03/2025,Meta Ads,Instagram Feed,4086,87,2.14,1.96,170.85,2,196.02,1.15,85.42,N/A
27/03/2025,Meta Ads,Instagram Stories,3352,83,2.49,1.53,127.32,2,196.88,1.55,63.66,N/A
27/03/2025,Meta Ads,Reels,2111,45,2.14,1.77,79.44,1,98.11,1.24,79.44,N/A
27/03/2025,TikTok Ads,In-Feed,11943,121,1.02,0.95,115.31,1,68.25,0.59,115.31,N/A
27/03/2025,TikTok Ads,TopView,5357,66,1.23,0.83,54.78,0,0,0,0,N/A
27/03/2025,TikTok Ads,Spark Ads,8499,82,0.97,1.04,85.38,0,0,0,0,N/A
27/03/2025,TikTok Ads,Brand Takeover,2877,18,0.64,1.5,27.08,0,0,0,0,N/A
28/03/2025,Google Search,Search Top,1500,101,6.75,2.17,219.27,5,600.45,2.74,43.85,Branded
28/03/2025,Google Search,Search Other,855,61,7.16,1.95,119.09,1,121.5,1.02,119.09,Non-Branded
28/03/2025,Google Search,Shopping,776,51,6.64,2.04,104.07,1,118.3,1.14,104.07,Non-Branded
28/03/2025,Google Search,Display Network,358,17,4.79,2.87,48.73,0,0,0,0,Branded
28/03/2025,Meta Ads,Facebook Feed,4136,75,1.83,2.07,155.5,2,196.72,1.27,77.75,N/A
28/03/2025,Meta Ads,Instagram Feed,3702,68,1.86,2.16,147.03,1,101.41,0.69,147.03,N/A
28/03/2025,Meta Ads,Instagram Stories,3313,84,2.56,1.54,129.23,2,201.26,1.56,64.61,N/A
28/03/2025,Meta Ads,Reels,1966,37,1.91,2.06,76.04,1,98.34,1.29,76.04,N/A
28/03/2025,TikTok Ads,In-Feed,11652,125,1.08,0.92,114.85,1,67.79,0.59,114.85,N/A
28/03/2025,TikTok Ads,TopView,5463,66,1.21,0.82,54.02,0,0,0,0,N/A
28/03/2025,TikTok Ads,Spark Ads,8859,83,0.95,0.99,82.23,0,0,0,0,N/A
28/03/2025,TikTok Ads,Brand Takeover,3403,23,0.68,1.38,31.85,0,0,0,0,N/A
29/03/2025,Google Search,Search Top,1510,107,7.1,1.99,213.44,3,356.04,1.67,71.15,Non-Branded
29/03/2025,Google Search,Search Other,794,57,7.25,2.02,115.03,3,363.81,3.16,38.34,Branded
29/03/2025,Google Search,Shopping,758,55,7.28,1.84,101.47,1,121.68,1.2,101.47,Non-Branded
29/03/2025,Google Search,Display Network,351,16,4.82,3.02,48.25,0,0,0,0,Branded
29/03/2025,Meta Ads,Facebook Feed,4117,77,1.89,2.06,158.9,2,197.82,1.24,79.45,N/A
29/03/2025,Meta Ads,Instagram Feed,4300,79,1.84,2.05,162.16,2,203.76,1.26,81.08,N/A
29/03/2025,Meta Ads,Instagram Stories,3510,91,2.61,1.48,134.23,3,292.92,2.18,44.74,N/A
29/03/2025,Meta Ads,Reels,1885,38,2.04,2.11,80.31,1,100.91,1.26,80.31,N/A
29/03/2025,TikTok Ads,In-Feed,12660,127,1,0.96,122.44,1,67.25,0.55,122.44,N/A
29/03/2025,TikTok Ads,TopView,5441,64,1.19,0.88,56.21,0,0,0,0,N/A
29/03/2025,TikTok Ads,Spark Ads,7995,76,0.95,1.12,85.12,0,0,0,0,N/A
29/03/2025,TikTok Ads,Brand Takeover,3048,20,0.67,1.52,30.37,0,0,0,0,N/A
30/03/2025,Google Search,Search Top,1623,119,7.38,1.93,229.99,4,477.76,2.08,57.5,Non-Branded
30/03/2025,Google Search,Search Other,892,64,7.22,2.05,131.15,3,361.71,2.76,43.72,Branded
30/03/2025,Google Search,Shopping,796,53,6.66,2.01,106.79,1,118.71,1.11,106.79,Non-Branded
30/03/2025,Google Search,Display Network,367,18,5.14,2.76,49.71,0,0,0,0,Branded
30/03/2025,Meta Ads,Facebook Feed,3954,83,2.1,1.78,148,2,197.16,1.33,74,N/A
30/03/2025,Meta Ads,Instagram Feed,4201,85,2.03,1.92,163.33,2,196.26,1.2,81.67,N/A
30/03/2025,Meta Ads,Instagram Stories,3089,73,2.39,1.8,131.55,2,196.94,1.5,65.78,N/A
30/03/2025,Meta Ads,Reels,2214,43,1.98,1.94,83.21,1,101.62,1.22,83.21,N/A
30/03/2025,TikTok Ads,In-Feed,11212,120,1.08,0.96,115.62,1,67.68,0.59,115.62,N/A
30/03/2025,TikTok Ads,TopView,6223,72,1.17,0.85,60.86,0,0,0,0,N/A
30/03/2025,TikTok Ads,Spark Ads,8475,89,1.06,1.02,90.43,1,71.17,0.79,90.43,N/A
30/03/2025,TikTok Ads,Brand Takeover,2638,18,0.71,1.52,27.31,0,0,0,0,N/A
31/03/2025,Google Search,Search Top,1515,108,7.19,2.03,219.37,2,239.12,1.09,109.69,Non-Branded
31/03/2025,Google Search,Search Other,852,61,7.24,1.99,121.54,3,358.44,2.95,40.51,Branded
31/03/2025,Google Search,Shopping,678,48,7.15,1.98,94.84,2,239.74,2.53,47.42,Branded
31/03/2025,Google Search,Display Network,342,17,5.13,2.82,47.88,0,0,0,0,Branded
31/03/2025,Meta Ads,Facebook Feed,4108,77,1.89,2.14,164.79,2,203.38,1.23,82.39,N/A
31/03/2025,Meta Ads,Instagram Feed,3647,78,2.16,2.03,158.3,2,195.38,1.23,79.15,N/A
31/03/2025,Meta Ads,Instagram Stories,3248,72,2.24,1.93,138.71,2,196.96,1.42,69.36,N/A
31/03/2025,Meta Ads,Reels,1969,37,1.91,2.04,75.55,1,99.81,1.32,75.55,N/A
31/03/2025,TikTok Ads,In-Feed,11502,106,0.93,1.02,108.12,0,0,0,0,N/A
31/03/2025,TikTok Ads,TopView,5187,61,1.18,0.91,55.28,0,0,0,0,N/A
31/03/2025,TikTok Ads,Spark Ads,8086,74,0.92,1.12,83.09,0,0,0,0,N/A
31/03/2025,TikTok Ads,Brand Takeover,2727,17,0.65,1.7,28.96,0,0,0,0,N/A